model,language,text,tokenized
EleutherAI/gpt-neo-125m,de,"Der Ausbruch des Coronavirus hat die Entwicklung eines Impfstoffs zur Eindämmung der Pandemie dringlich gemacht. In den letzten Monaten wurden verschiedene Tests durchgeführt, um zu verstehen, wie der menschliche Körper","(""Der"" ""ĠAus"" ""b"" ""ru"" ""ch"" ""Ġdes"" ""ĠCor"" ""on"" ""av"" ""irus"" ""Ġhat"" ""Ġdie"" ""ĠEnt"" ""wick"" ""l"" ""ung"" ""Ġe"" ""ines"" ""ĠImp"" ""f"" ""st"" ""offs"" ""Ġz"" ""ur"" ""ĠE"" ""ind"" ""Ã¤"" ""mm"" ""ung"" ""Ġder"" ""ĠPand"" ""em"" ""ie"" ""Ġdr"" ""ing"" ""lich"" ""Ġgem"" ""acht"" ""."" ""ĠIn"" ""Ġden"" ""Ġlet"" ""z"" ""ten"" ""ĠMon"" ""aten"" ""Ġw"" ""urden"" ""Ġvers"" ""ch"" ""ied"" ""ene"" ""ĠTests"" ""Ġd"" ""urch"" ""ge"" ""f"" ""Ã¼"" ""hr"" ""t"" "","" ""Ġum"" ""Ġz"" ""u"" ""Ġver"" ""ste"" ""hen"" "","" ""Ġw"" ""ie"" ""Ġder"" ""Ġm"" ""ens"" ""ch"" ""lic"" ""he"" ""ĠK"" ""Ã¶r"" ""per"")"
EleutherAI/gpt-neo-125m,en,Alex Azar was officially sworn in as the U.S. Secretary of Health and Human Services (HHS) today. President Donald Trump administered the oath in a private ceremony at the White,"(""Alex"" ""ĠAz"" ""ar"" ""Ġwas"" ""Ġofficially"" ""Ġsworn"" ""Ġin"" ""Ġas"" ""Ġthe"" ""ĠU"" ""."" ""S"" ""."" ""ĠSecretary"" ""Ġof"" ""ĠHealth"" ""Ġand"" ""ĠHuman"" ""ĠServices"" ""Ġ("" ""H"" ""HS"" "")"" ""Ġtoday"" ""."" ""ĠPresident"" ""ĠDonald"" ""ĠTrump"" ""Ġadministered"" ""Ġthe"" ""Ġoath"" ""Ġin"" ""Ġa"" ""Ġprivate"" ""Ġceremony"" ""Ġat"" ""Ġthe"" ""ĠWhite"")"
EleutherAI/gpt-neo-125m,uk,"Європейський союз вимагає зупинити розтрату коштів Фонду боротьби з коронавірусом на цілі, що не пов'язані з протидією пандемії. Згідно з повідомленням ""Євросолідарності"", було виявлено випадки використання коштів на інші потреби,","(""Ð"" ""Ħ"" ""Ð²"" ""ÑĢ"" ""Ð¾Ð"" ""¿"" ""Ðµ"" ""Ð"" ""¹"" ""Ñģ"" ""ÑĮ"" ""Ðº"" ""Ð¸"" ""Ð"" ""¹"" ""Ġ"" ""Ñģ"" ""Ð¾"" ""Ñ"" ""İ"" ""Ð"" ""·"" ""ĠÐ"" ""²"" ""Ð¸"" ""Ð¼"" ""Ð°"" ""Ð"" ""³"" ""Ð°"" ""Ñ"" ""Ķ"" ""ĠÐ"" ""·"" ""Ñĥ"" ""Ð"" ""¿"" ""Ð¸"" ""Ð½"" ""Ð¸"" ""ÑĤ"" ""Ð¸"" ""Ġ"" ""ÑĢ"" ""Ð¾Ð"" ""·"" ""ÑĤ"" ""ÑĢ"" ""Ð°"" ""ÑĤ"" ""Ñĥ"" ""ĠÐ"" ""º"" ""Ð¾"" ""Ñ"" ""Ī"" ""ÑĤ"" ""Ñ"" ""ĸ"" ""Ð²"" ""ĠÐ"" ""¤"" ""Ð¾"" ""Ð½"" ""Ð´"" ""Ñĥ"" ""ĠÐ"" ""±"" ""Ð¾"" ""ÑĢ"" ""Ð¾"" ""ÑĤ"" ""ÑĮ"" ""Ð"" ""±"" ""Ð¸"" ""ĠÐ"" ""·"" ""ĠÐ"" ""º"" ""Ð¾"" ""ÑĢ"" ""Ð¾"" ""Ð½"" ""Ð°"" ""Ð²"" ""Ñ"" ""ĸ"" ""ÑĢ"" ""Ñĥ"" ""Ñģ"" ""Ð¾Ð"" ""¼"" ""ĠÐ"" ""½"" ""Ð°"" ""Ġ"" ""Ñ"" ""Ĩ"" ""Ñ"" ""ĸ"" ""Ð»"" ""Ñ"" ""ĸ"" "","" ""Ġ"" ""Ñ"" ""ī"" ""Ð¾"" ""ĠÐ"" ""½"" ""Ðµ"" ""ĠÐ"" ""¿"" ""Ð¾Ð"" ""²"" ""'"" ""Ñı"" ""Ð"" ""·"" ""Ð°"" ""Ð½"" ""Ñ"" ""ĸ"" ""ĠÐ"" ""·"" ""ĠÐ"" ""¿"" ""ÑĢ"" ""Ð¾"" ""ÑĤ"" ""Ð¸"" ""Ð´"" ""Ñ"" ""ĸ"" ""Ñ"" ""Ķ"" ""Ñ"" ""İ"" ""ĠÐ"" ""¿"" ""Ð°"" ""Ð½"" ""Ð´"" ""Ðµ"" ""Ð¼"" ""Ñ"" ""ĸ"" ""Ñ"" ""Ĺ"" ""."" ""ĠÐ"" ""Ĺ"" ""Ð"" ""³"" ""Ñ"" ""ĸ"" ""Ð´"" ""Ð½"" ""Ð¾"" ""ĠÐ"" ""·"" ""ĠÐ"" ""¿"" ""Ð¾Ð"" ""²"" ""Ñ"" ""ĸ"" ""Ð´"" ""Ð¾Ð"" ""¼"" ""Ð»"" ""Ðµ"" ""Ð½"" ""Ð½"" ""Ñı"" ""Ð¼"" ""Ġ"""" ""Ð"" ""Ħ"" ""Ð²"" ""ÑĢ"" ""Ð¾"" ""Ñģ"" ""Ð¾Ð"" ""»"" ""Ñ"" ""ĸ"" ""Ð´"" ""Ð°"" ""ÑĢ"" ""Ð½"" ""Ð¾"" ""Ñģ"" ""ÑĤ"" ""Ñ"" ""ĸ"" """","" ""ĠÐ"" ""±"" ""Ñĥ"" ""Ð»"" ""Ð¾"" ""ĠÐ"" ""²"" ""Ð¸"" ""Ñı"" ""Ð²"" ""Ð»"" ""Ðµ"" ""Ð½"" ""Ð¾"" ""ĠÐ"" ""²"" ""Ð¸"" ""Ð"" ""¿"" ""Ð°"" ""Ð´"" ""Ðº"" ""Ð¸"" ""ĠÐ"" ""²"" ""Ð¸"" ""Ðº"" ""Ð¾"" ""ÑĢ"" ""Ð¸"" ""Ñģ"" ""ÑĤ"" ""Ð°"" ""Ð½"" ""Ð½"" ""Ñı"" ""ĠÐ"" ""º"" ""Ð¾"" ""Ñ"" ""Ī"" ""ÑĤ"" ""Ñ"" ""ĸ"" ""Ð²"" ""ĠÐ"" ""½"" ""Ð°"" ""Ġ"" ""Ñ"" ""ĸ"" ""Ð½"" ""Ñ"" ""Ī"" ""Ñ"" ""ĸ"" ""ĠÐ"" ""¿"" ""Ð¾"" ""ÑĤ"" ""ÑĢ"" ""Ðµ"" ""Ð"" ""±"" ""Ð¸"" "","")"
EleutherAI/gpt-neo-125m,zh,美国推出的2015年301名单表明，它将继续将中国列入美国贸易伙伴重点观察对象。,"(""ç"" ""¾"" ""İ"" ""åĽ"" ""½"" ""æ"" ""İ"" ""¨"" ""åĩ"" ""º"" ""çļĦ"" ""2015"" ""å¹"" ""´"" ""301"" ""åĲ"" ""į"" ""åį"" ""ķ"" ""è¡"" ""¨"" ""æĺ"" ""İ"" ""ï"" ""¼"" ""Į"" ""å®"" ""ĥ"" ""å°Ĩ"" ""ç"" ""»"" ""§"" ""ç"" ""»"" ""Ń"" ""å°Ĩ"" ""ä¸Ń"" ""åĽ"" ""½"" ""åĪ"" ""Ĺ"" ""åħ"" ""¥"" ""ç"" ""¾"" ""İ"" ""åĽ"" ""½"" ""è"" ""´"" ""¸"" ""æĺ"" ""ĵ"" ""ä¼"" ""Ļ"" ""ä¼"" ""´"" ""éĩ"" ""į"" ""ç"" ""Ĥ"" ""¹"" ""è"" ""§"" ""Ĥ"" ""å¯"" ""Ł"" ""å¯"" ""¹"" ""è"" ""±"" ""¡"" ""ãĢĤ"")"
EleutherAI/gpt-neo-125m,ar,قال المسؤول المسؤول للمنافذ الحدودية أنه ينتظر أن يتفق الشركاء العرب على تشكيل قوة عربية متكاملة ومناسبة لتغطية ارتكاب خطوات إستخدامية أو حيرة على المنافذ الحدودية أو مسافريها، أما ما,"(""Ù"" ""Ĥ"" ""Ø§ÙĦ"" ""ĠØ§ÙĦ"" ""Ùħ"" ""Ø³"" ""Ø"" ""¤"" ""ÙĪ"" ""ÙĦ"" ""ĠØ§ÙĦ"" ""Ùħ"" ""Ø³"" ""Ø"" ""¤"" ""ÙĪ"" ""ÙĦ"" ""Ġ"" ""ÙĦ"" ""ÙĦ"" ""Ùħ"" ""ÙĨ"" ""Ø§"" ""Ù"" ""ģ"" ""Ø"" ""°"" ""ĠØ§ÙĦ"" ""Ø"" ""Ń"" ""Ø¯"" ""ÙĪ"" ""Ø¯"" ""ÙĬ"" ""Ø©"" ""ĠØ"" ""£"" ""ÙĨ"" ""Ùĩ"" ""ĠÙ"" ""Ĭ"" ""ÙĨ"" ""Øª"" ""Ø"" ""¸"" ""Ø±"" ""ĠØ"" ""£"" ""ÙĨ"" ""ĠÙ"" ""Ĭ"" ""Øª"" ""Ù"" ""ģ"" ""Ù"" ""Ĥ"" ""ĠØ§ÙĦ"" ""Ø"" ""´"" ""Ø±"" ""Ù"" ""ĥ"" ""Ø§Ø"" ""¡"" ""ĠØ§ÙĦ"" ""Ø¹"" ""Ø±"" ""Ø¨"" ""ĠØ"" ""¹"" ""ÙĦ"" ""Ù"" ""ī"" ""ĠØ"" ""ª"" ""Ø"" ""´"" ""Ù"" ""ĥ"" ""ÙĬ"" ""ÙĦ"" ""ĠÙ"" ""Ĥ"" ""ÙĪ"" ""Ø©"" ""ĠØ"" ""¹"" ""Ø±"" ""Ø¨"" ""ÙĬ"" ""Ø©"" ""ĠÙħ"" ""Øª"" ""Ù"" ""ĥ"" ""Ø§"" ""Ùħ"" ""ÙĦ"" ""Ø©"" ""ĠÙĪ"" ""Ùħ"" ""ÙĨ"" ""Ø§Ø"" ""³"" ""Ø¨"" ""Ø©"" ""Ġ"" ""ÙĦ"" ""Øª"" ""Ø"" ""º"" ""Ø"" ""·"" ""ÙĬ"" ""Ø©"" ""Ġ"" ""Ø§"" ""Ø±"" ""Øª"" ""Ù"" ""ĥ"" ""Ø§Ø"" ""¨"" ""ĠØ"" ""®"" ""Ø"" ""·"" ""ÙĪ"" ""Ø§Ø"" ""ª"" ""ĠØ"" ""¥"" ""Ø³"" ""Øª"" ""Ø"" ""®"" ""Ø¯"" ""Ø§"" ""Ùħ"" ""ÙĬ"" ""Ø©"" ""ĠØ"" ""£"" ""ÙĪ"" ""ĠØ"" ""Ń"" ""ÙĬ"" ""Ø±"" ""Ø©"" ""ĠØ"" ""¹"" ""ÙĦ"" ""Ù"" ""ī"" ""ĠØ§ÙĦ"" ""Ùħ"" ""ÙĨ"" ""Ø§"" ""Ù"" ""ģ"" ""Ø"" ""°"" ""ĠØ§ÙĦ"" ""Ø"" ""Ń"" ""Ø¯"" ""ÙĪ"" ""Ø¯"" ""ÙĬ"" ""Ø©"" ""ĠØ"" ""£"" ""ÙĪ"" ""ĠÙħ"" ""Ø³"" ""Ø§"" ""Ù"" ""ģ"" ""Ø±"" ""ÙĬ"" ""Ùĩ"" ""Ø§"" ""Ø"" ""Į"" ""ĠØ"" ""£"" ""Ùħ"" ""Ø§"" ""ĠÙħ"" ""Ø§"")"
EleutherAI/gpt-neo-125m,pt,"Pesquisa apoia a posição do Primeiro-Ministro David Cameron.Nove em cada 10 dos principais economistas da Grã-Bretanha, que actuam no distrito financeiro de Londres, na academia e em pequenas empresas, acreditam","(""P"" ""es"" ""qu"" ""isa"" ""Ġap"" ""o"" ""ia"" ""Ġa"" ""Ġpos"" ""i"" ""Ã§"" ""Ã£o"" ""Ġdo"" ""ĠPrime"" ""iro"" ""-"" ""Min"" ""ist"" ""ro"" ""ĠDavid"" ""ĠCameron"" ""."" ""N"" ""ove"" ""Ġem"" ""Ġc"" ""ada"" ""Ġ10"" ""Ġdos"" ""Ġprincip"" ""ais"" ""Ġeconomist"" ""as"" ""Ġda"" ""ĠGr"" ""Ã£"" ""-"" ""B"" ""ret"" ""an"" ""ha"" "","" ""Ġque"" ""Ġactu"" ""am"" ""Ġno"" ""Ġdist"" ""rito"" ""Ġfinance"" ""iro"" ""Ġde"" ""ĠL"" ""ond"" ""res"" "","" ""Ġna"" ""Ġacademia"" ""Ġe"" ""Ġem"" ""Ġpe"" ""qu"" ""en"" ""as"" ""Ġem"" ""pres"" ""as"" "","" ""Ġac"" ""redit"" ""am"")"
EleutherAI/gpt-neo-125m,ru,"Дональд , который был приговорён к смертной казни за организацию и осуществление двух терактов на финише Бостонского марафона 2013 года. Президент США обрушился с резкой критикой на прокуратуру штата Массачусетс,","(""Ð"" ""Ķ"" ""Ð¾"" ""Ð½"" ""Ð°"" ""Ð»"" ""ÑĮ"" ""Ð´"" ""Ġ,"" ""ĠÐ"" ""º"" ""Ð¾"" ""ÑĤ"" ""Ð¾"" ""ÑĢ"" ""Ñĭ"" ""Ð"" ""¹"" ""ĠÐ"" ""±"" ""Ñĭ"" ""Ð»"" ""ĠÐ"" ""¿"" ""ÑĢ"" ""Ð¸"" ""Ð"" ""³"" ""Ð¾Ð"" ""²"" ""Ð¾"" ""ÑĢ"" ""Ñ"" ""ĳ"" ""Ð½"" ""ĠÐ"" ""º"" ""Ġ"" ""Ñģ"" ""Ð¼"" ""Ðµ"" ""ÑĢ"" ""ÑĤ"" ""Ð½"" ""Ð¾Ð"" ""¹"" ""ĠÐ"" ""º"" ""Ð°"" ""Ð"" ""·"" ""Ð½"" ""Ð¸"" ""ĠÐ"" ""·"" ""Ð°"" ""ĠÐ"" ""¾"" ""ÑĢ"" ""Ð"" ""³"" ""Ð°"" ""Ð½"" ""Ð¸"" ""Ð"" ""·"" ""Ð°"" ""Ñ"" ""Ĩ"" ""Ð¸"" ""Ñ"" ""İ"" ""ĠÐ"" ""¸"" ""ĠÐ"" ""¾"" ""Ñģ"" ""Ñĥ"" ""Ñ"" ""ī"" ""Ðµ"" ""Ñģ"" ""ÑĤ"" ""Ð²"" ""Ð»"" ""Ðµ"" ""Ð½"" ""Ð¸"" ""Ðµ"" ""ĠÐ"" ""´"" ""Ð²"" ""Ñĥ"" ""Ñ"" ""ħ"" ""Ġ"" ""ÑĤ"" ""Ðµ"" ""ÑĢ"" ""Ð°"" ""Ðº"" ""ÑĤ"" ""Ð¾Ð"" ""²"" ""ĠÐ"" ""½"" ""Ð°"" ""Ġ"" ""Ñ"" ""Ħ"" ""Ð¸"" ""Ð½"" ""Ð¸"" ""Ñ"" ""Ī"" ""Ðµ"" ""ĠÐ"" ""ĳ"" ""Ð¾"" ""Ñģ"" ""ÑĤ"" ""Ð¾"" ""Ð½"" ""Ñģ"" ""Ðº"" ""Ð¾Ð"" ""³"" ""Ð¾"" ""ĠÐ"" ""¼"" ""Ð°"" ""ÑĢ"" ""Ð°"" ""Ñ"" ""Ħ"" ""Ð¾"" ""Ð½"" ""Ð°"" ""Ġ2013"" ""ĠÐ"" ""³"" ""Ð¾Ð"" ""´"" ""Ð°"" ""."" ""ĠÐ"" ""Ł"" ""ÑĢ"" ""Ðµ"" ""Ð"" ""·"" ""Ð¸"" ""Ð´"" ""Ðµ"" ""Ð½"" ""ÑĤ"" ""ĠÐ"" ""¡"" ""Ð"" ""¨"" ""Ð"" ""Ĳ"" ""ĠÐ"" ""¾"" ""Ð"" ""±"" ""ÑĢ"" ""Ñĥ"" ""Ñ"" ""Ī"" ""Ð¸"" ""Ð»"" ""Ñģ"" ""Ñı"" ""Ġ"" ""Ñģ"" ""Ġ"" ""ÑĢ"" ""Ðµ"" ""Ð"" ""·"" ""Ðº"" ""Ð¾Ð"" ""¹"" ""ĠÐ"" ""º"" ""ÑĢ"" ""Ð¸"" ""ÑĤ"" ""Ð¸"" ""Ðº"" ""Ð¾Ð"" ""¹"" ""ĠÐ"" ""½"" ""Ð°"" ""ĠÐ"" ""¿"" ""ÑĢ"" ""Ð¾Ð"" ""º"" ""Ñĥ"" ""ÑĢ"" ""Ð°"" ""ÑĤ"" ""Ñĥ"" ""ÑĢ"" ""Ñĥ"" ""Ġ"" ""Ñ"" ""Ī"" ""ÑĤ"" ""Ð°"" ""ÑĤ"" ""Ð°"" ""ĠÐ"" ""ľ"" ""Ð°"" ""Ñģ"" ""Ñģ"" ""Ð°"" ""Ñ"" ""ĩ"" ""Ñĥ"" ""Ñģ"" ""Ðµ"" ""ÑĤ"" ""Ñģ"" "","")"
EleutherAI/gpt-neo-125m,cs,. Osvobození 13. 5. 2019. Dostupné online [cit. 2019-05-22].,"(""."" ""ĠOs"" ""v"" ""obo"" ""zen"" ""ÃŃ"" ""Ġ13"" ""."" ""Ġ5"" ""."" ""Ġ2019"" ""."" ""ĠD"" ""ost"" ""up"" ""n"" ""Ã©"" ""Ġonline"" ""Ġ["" ""cit"" ""."" ""Ġ2019"" ""-"" ""05"" ""-"" ""22"" ""]."")"
EleutherAI/gpt-neo-125m,es,". Según la Agencia Meteorológica Nacional, la provincia espera recibir una cantidad elevada de precipitaciones en las próximas horas. Los expertos en climatología advierten sobre la posibilidad de inundaciones en","(""."" ""ĠSeg"" ""Ãº"" ""n"" ""Ġla"" ""ĠAg"" ""encia"" ""ĠMeteor"" ""ol"" ""Ã³"" ""g"" ""ica"" ""ĠN"" ""ac"" ""ional"" "","" ""Ġla"" ""Ġprov"" ""inc"" ""ia"" ""Ġes"" ""per"" ""a"" ""Ġrec"" ""ib"" ""ir"" ""Ġun"" ""a"" ""Ġcant"" ""idad"" ""Ġelev"" ""ada"" ""Ġde"" ""Ġprecip"" ""it"" ""acion"" ""es"" ""Ġen"" ""Ġlas"" ""Ġpr"" ""Ã³"" ""x"" ""im"" ""as"" ""Ġhor"" ""as"" ""."" ""ĠLos"" ""Ġexpert"" ""os"" ""Ġen"" ""Ġclim"" ""at"" ""olog"" ""ÃŃa"" ""Ġadv"" ""i"" ""ert"" ""en"" ""Ġso"" ""bre"" ""Ġla"" ""Ġpos"" ""ib"" ""il"" ""idad"" ""Ġde"" ""Ġinund"" ""acion"" ""es"" ""Ġen"")"
EleutherAI/gpt-neo-125m,nl,"Dat was zijn toen ik tekenfilm zat en gaf aan.Ik wist er vrijdag ook. Je bent dan klaar om tekenen.Dat was niet het gedrag, dat is echt de dood.Vrijdag zijn","(""Dat"" ""Ġwas"" ""Ġz"" ""ijn"" ""Ġto"" ""en"" ""Ġ"" ""ik"" ""Ġte"" ""ken"" ""film"" ""Ġz"" ""at"" ""Ġen"" ""Ġg"" ""af"" ""Ġa"" ""an"" ""."" ""I"" ""k"" ""Ġw"" ""ist"" ""Ġer"" ""Ġv"" ""ri"" ""j"" ""d"" ""ag"" ""Ġo"" ""ok"" ""."" ""ĠJe"" ""Ġbent"" ""Ġdan"" ""Ġk"" ""la"" ""ar"" ""Ġom"" ""Ġte"" ""ken"" ""en"" ""."" ""Dat"" ""Ġwas"" ""Ġn"" ""iet"" ""Ġhe"" ""t"" ""Ġg"" ""ed"" ""rag"" "","" ""Ġdat"" ""Ġis"" ""Ġe"" ""cht"" ""Ġde"" ""Ġdo"" ""od"" ""."" ""V"" ""ri"" ""j"" ""d"" ""ag"" ""Ġz"" ""ijn"")"
EleutherAI/gpt-neo-125m,ca,El discurs oficial que d’Alec Martín d’Arriba (IBA) en el Congreso d’Europà va ser un acte de resposta que va provocar desesperació sobre la possibilitat de seguir per asegurar que,"(""El"" ""Ġdisc"" ""urs"" ""Ġof"" ""icial"" ""Ġque"" ""Ġd"" ""âĢ"" ""Ļ"" ""Ale"" ""c"" ""ĠMart"" ""ÃŃn"" ""Ġd"" ""âĢ"" ""Ļ"" ""Ar"" ""rib"" ""a"" ""Ġ("" ""I"" ""BA"" "")"" ""Ġen"" ""Ġel"" ""ĠCong"" ""res"" ""o"" ""Ġd"" ""âĢ"" ""Ļ"" ""Euro"" ""p"" ""Ãł"" ""Ġva"" ""Ġser"" ""Ġun"" ""Ġact"" ""e"" ""Ġde"" ""Ġresp"" ""osta"" ""Ġque"" ""Ġva"" ""Ġprov"" ""oc"" ""ar"" ""Ġdes"" ""es"" ""per"" ""aci"" ""Ã³"" ""Ġso"" ""bre"" ""Ġla"" ""Ġposs"" ""ib"" ""ilit"" ""at"" ""Ġde"" ""Ġse"" ""gu"" ""ir"" ""Ġper"" ""Ġa"" ""se"" ""gur"" ""ar"" ""Ġque"")"
bigscience/bloom-7b1,de,"Der Ausbruch des Coronavirus hat die Entwicklung eines Impfstoffs zur Eindämmung der Pandemie dringlich gemacht. In den letzten Monaten wurden verschiedene Tests durchgeführt, um zu verstehen, wie der menschliche Körper","(""Der"" ""ĠAus"" ""br"" ""uch"" ""Ġdes"" ""ĠCoronavirus"" ""Ġhat"" ""Ġdie"" ""ĠEnt"" ""wick"" ""lung"" ""Ġeines"" ""ĠImp"" ""f"" ""st"" ""offs"" ""Ġzur"" ""ĠE"" ""ind"" ""Ã¤"" ""mm"" ""ung"" ""Ġder"" ""ĠPand"" ""emie"" ""Ġdr"" ""ing"" ""lich"" ""Ġgem"" ""acht"" ""."" ""ĠIn"" ""Ġden"" ""Ġlet"" ""zten"" ""ĠMon"" ""aten"" ""Ġwurden"" ""Ġversch"" ""ied"" ""ene"" ""ĠTests"" ""Ġdurch"" ""gef"" ""Ã¼hrt"" "","" ""Ġum"" ""Ġzu"" ""Ġvers"" ""te"" ""hen"" "","" ""Ġwie"" ""Ġder"" ""Ġmens"" ""ch"" ""liche"" ""ĠK"" ""Ã¶r"" ""per"")"
bigscience/bloom-7b1,en,Alex Azar was officially sworn in as the U.S. Secretary of Health and Human Services (HHS) today. President Donald Trump administered the oath in a private ceremony at the White,"(""Alex"" ""ĠAz"" ""ar"" ""Ġwas"" ""Ġofficially"" ""Ġsworn"" ""Ġin"" ""Ġas"" ""Ġthe"" ""ĠU"" ""."" ""S"" ""."" ""ĠSecretary"" ""Ġof"" ""ĠHealth"" ""Ġand"" ""ĠHuman"" ""ĠServices"" ""Ġ("" ""H"" ""HS"" "")"" ""Ġtoday"" ""."" ""ĠPresident"" ""ĠDonald"" ""ĠTrump"" ""Ġadministered"" ""Ġthe"" ""Ġoath"" ""Ġin"" ""Ġa"" ""Ġprivate"" ""Ġceremony"" ""Ġat"" ""Ġthe"" ""ĠWhite"")"
bigscience/bloom-7b1,uk,"Європейський союз вимагає зупинити розтрату коштів Фонду боротьби з коронавірусом на цілі, що не пов'язані з протидією пандемії. Згідно з повідомленням ""Євросолідарності"", було виявлено випадки використання коштів на інші потреби,","(""Ð"" ""Ħ"" ""Ð²"" ""ÑĢ"" ""Ð¾Ð¿"" ""ÐµÐ¹"" ""ÑģÑĮ"" ""ÐºÐ¸Ð¹"" ""ĠÑģÐ¾"" ""Ñİ"" ""Ð·"" ""ĠÐ²Ð¸"" ""Ð¼Ð°"" ""Ð³Ð°"" ""Ñ"" ""Ķ"" ""ĠÐ·"" ""Ñĥ"" ""Ð¿Ð¸"" ""Ð½Ð¸"" ""ÑĤÐ¸"" ""ĠÑĢ"" ""Ð¾Ð·"" ""ÑĤ"" ""ÑĢÐ°"" ""ÑĤÑĥ"" ""ĠÐº"" ""Ð¾"" ""ÑĪ"" ""ÑĤ"" ""Ñĸ"" ""Ð²"" ""ĠÐ¤"" ""Ð¾Ð½"" ""Ð´Ñĥ"" ""ĠÐ±"" ""Ð¾ÑĢÐ¾"" ""ÑĤÑĮ"" ""Ð±Ð¸"" ""ĠÐ·"" ""ĠÐº"" ""Ð¾ÑĢ"" ""Ð¾Ð½Ð°"" ""Ð²"" ""Ñĸ"" ""ÑĢÑĥ"" ""Ñģ"" ""Ð¾Ð¼"" ""ĠÐ½Ð°"" ""ĠÑĨ"" ""Ñĸ"" ""Ð»Ñĸ"" "","" ""ĠÑī"" ""Ð¾"" ""ĠÐ½Ðµ"" ""ĠÐ¿Ð¾Ð²"" ""'"" ""Ñı"" ""Ð·"" ""Ð°Ð½"" ""Ñĸ"" ""ĠÐ·"" ""ĠÐ¿ÑĢÐ¾"" ""ÑĤÐ¸"" ""Ð´"" ""Ñĸ"" ""Ñ"" ""Ķ"" ""Ñİ"" ""ĠÐ¿"" ""Ð°Ð½"" ""Ð´ÐµÐ¼"" ""Ñĸ"" ""ÑĹ"" ""."" ""ĠÐĹ"" ""Ð³"" ""Ñĸ"" ""Ð´"" ""Ð½Ð¾"" ""ĠÐ·"" ""ĠÐ¿Ð¾Ð²"" ""Ñĸ"" ""Ð´"" ""Ð¾Ð¼"" ""Ð»ÐµÐ½"" ""Ð½Ñı"" ""Ð¼"" ""Ġ"""" ""Ð"" ""Ħ"" ""Ð²"" ""ÑĢÐ¾Ñģ"" ""Ð¾Ð»"" ""Ñĸ"" ""Ð´Ð°ÑĢ"" ""Ð½Ð¾ÑģÑĤ"" ""Ñĸ"" """""" "","" ""ĠÐ±Ñĥ"" ""Ð»Ð¾"" ""ĠÐ²Ð¸"" ""Ñı"" ""Ð²"" ""Ð»ÐµÐ½"" ""Ð¾"" ""ĠÐ²Ð¸"" ""Ð¿Ð°"" ""Ð´"" ""ÐºÐ¸"" ""ĠÐ²Ð¸"" ""ÐºÐ¾"" ""ÑĢÐ¸"" ""ÑģÑĤÐ°Ð½"" ""Ð½Ñı"" ""ĠÐº"" ""Ð¾"" ""ÑĪ"" ""ÑĤ"" ""Ñĸ"" ""Ð²"" ""ĠÐ½Ð°"" ""Ġ"" ""ÑĸÐ½"" ""ÑĪ"" ""Ñĸ"" ""ĠÐ¿Ð¾ÑĤ"" ""ÑĢÐµ"" ""Ð±Ð¸"" "","")"
bigscience/bloom-7b1,zh,美国推出的2015年301名单表明，它将继续将中国列入美国贸易伙伴重点观察对象。,"(""ç¾İåĽ½"" ""æİ¨åĩºçļĦ"" ""2015å¹´"" ""301"" ""åĲįåįķ"" ""è¡¨æĺİ"" ""ï¼Į"" ""å®ĥ"" ""å°Ĩç»§ç»Ń"" ""å°Ĩ"" ""ä¸ŃåĽ½"" ""åĪĹåħ¥"" ""ç¾İåĽ½"" ""è´¸æĺĵ"" ""ä¼Ļä¼´"" ""éĩįçĤ¹"" ""è§Ĥå¯Ł"" ""å¯¹è±¡"" ""ãĢĤ"")"
bigscience/bloom-7b1,ar,قال المسؤول المسؤول للمنافذ الحدودية أنه ينتظر أن يتفق الشركاء العرب على تشكيل قوة عربية متكاملة ومناسبة لتغطية ارتكاب خطوات إستخدامية أو حيرة على المنافذ الحدودية أو مسافريها، أما ما,"(""ÙĤØ§ÙĦ"" ""ĠØ§ÙĦÙħØ³Ø¤ÙĪÙĦ"" ""ĠØ§ÙĦÙħØ³Ø¤ÙĪÙĦ"" ""ĠÙĦÙĦÙħ"" ""ÙĨØ§Ùģ"" ""Ø°"" ""ĠØ§ÙĦØŃØ¯ÙĪØ¯"" ""ÙĬØ©"" ""ĠØ£ÙĨÙĩ"" ""ĠÙĬÙĨØªØ¸Ø±"" ""ĠØ£ÙĨ"" ""ĠÙĬØªÙģÙĤ"" ""ĠØ§ÙĦØ´Ø±ÙĥØ§Ø¡"" ""ĠØ§ÙĦØ¹Ø±Ø¨"" ""ĠØ¹ÙĦÙī"" ""ĠØªØ´ÙĥÙĬÙĦ"" ""ĠÙĤÙĪØ©"" ""ĠØ¹Ø±Ø¨ÙĬØ©"" ""ĠÙħØª"" ""ÙĥØ§ÙħÙĦØ©"" ""ĠÙĪÙħÙĨ"" ""Ø§Ø³Ø¨Ø©"" ""ĠÙĦØª"" ""ØºØ·ÙĬØ©"" ""ĠØ§Ø±ØªÙĥØ§Ø¨"" ""ĠØ®Ø·ÙĪØ§Øª"" ""ĠØ¥Ø³Øª"" ""Ø®Ø¯Ø§Ùħ"" ""ÙĬØ©"" ""ĠØ£ÙĪ"" ""ĠØŃ"" ""ÙĬØ±Ø©"" ""ĠØ¹ÙĦÙī"" ""ĠØ§ÙĦÙħ"" ""ÙĨØ§Ùģ"" ""Ø°"" ""ĠØ§ÙĦØŃØ¯ÙĪØ¯"" ""ÙĬØ©"" ""ĠØ£ÙĪ"" ""ĠÙħØ³"" ""Ø§Ùģ"" ""Ø±ÙĬ"" ""ÙĩØ§"" ""ØĮ"" ""ĠØ£ÙħØ§"" ""ĠÙħØ§"")"
bigscience/bloom-7b1,pt,"Pesquisa apoia a posição do Primeiro-Ministro David Cameron.Nove em cada 10 dos principais economistas da Grã-Bretanha, que actuam no distrito financeiro de Londres, na academia e em pequenas empresas, acreditam","(""Pes"" ""quisa"" ""Ġapoia"" ""Ġa"" ""ĠposiÃ§Ã£o"" ""Ġdo"" ""ĠPrimeiro"" ""-Min"" ""istro"" ""ĠDavid"" ""ĠCameron"" ""."" ""No"" ""ve"" ""Ġem"" ""Ġcada"" ""Ġ10"" ""Ġdos"" ""Ġprincipais"" ""Ġeconomistas"" ""Ġda"" ""ĠGrÃ£-Bretanha"" "","" ""Ġque"" ""Ġactu"" ""am"" ""Ġno"" ""Ġdistrito"" ""Ġfinanceiro"" ""Ġde"" ""ĠLondres"" "","" ""Ġna"" ""Ġacademia"" ""Ġe"" ""Ġem"" ""Ġpequenas"" ""Ġempresas"" "","" ""Ġacreditam"")"
bigscience/bloom-7b1,ru,"Дональд , который был приговорён к смертной казни за организацию и осуществление двух терактов на финише Бостонского марафона 2013 года. Президент США обрушился с резкой критикой на прокуратуру штата Массачусетс,","(""ÐĶ"" ""Ð¾Ð½Ð°"" ""Ð»ÑĮ"" ""Ð´"" ""Ġ,"" ""ĠÐºÐ¾ÑĤÐ¾ÑĢ"" ""ÑĭÐ¹"" ""ĠÐ±Ñĭ"" ""Ð»"" ""ĠÐ¿ÑĢÐ¸"" ""Ð³"" ""Ð¾Ð²"" ""Ð¾ÑĢ"" ""ÑĳÐ½"" ""ĠÐº"" ""ĠÑģ"" ""Ð¼ÐµÑĢ"" ""ÑĤ"" ""Ð½Ð¾Ð¹"" ""ĠÐºÐ°"" ""Ð·"" ""Ð½Ð¸"" ""ĠÐ·Ð°"" ""ĠÐ¾"" ""ÑĢ"" ""Ð³Ð°"" ""Ð½Ð¸"" ""Ð·Ð°"" ""ÑĨÐ¸"" ""Ñİ"" ""ĠÐ¸"" ""ĠÐ¾Ñģ"" ""Ñĥ"" ""Ñī"" ""ÐµÑģÑĤÐ²"" ""Ð»ÐµÐ½Ð¸Ðµ"" ""ĠÐ´"" ""Ð²Ñĥ"" ""Ñħ"" ""ĠÑĤÐµ"" ""ÑĢÐ°"" ""ÐºÑĤ"" ""Ð¾Ð²"" ""ĠÐ½Ð°"" ""ĠÑĦ"" ""Ð¸"" ""Ð½Ð¸"" ""ÑĪÐµ"" ""ĠÐĳ"" ""Ð¾ÑģÑĤ"" ""Ð¾Ð½"" ""ÑģÐº"" ""Ð¾Ð³Ð¾"" ""ĠÐ¼Ð°"" ""ÑĢÐ°"" ""ÑĦ"" ""Ð¾Ð½Ð°"" ""Ġ2013"" ""ĠÐ³"" ""Ð¾Ð´Ð°"" ""."" ""ĠÐŁ"" ""ÑĢÐµ"" ""Ð·Ð¸"" ""Ð´"" ""ÐµÐ½ÑĤ"" ""ĠÐ¡"" ""Ð"" ""¨"" ""ÐĲ"" ""ĠÐ¾Ð±"" ""ÑĢÑĥ"" ""ÑĪÐ¸"" ""Ð»"" ""ÑģÑı"" ""ĠÑģ"" ""ĠÑĢÐµ"" ""Ð·"" ""ÐºÐ¾Ð¹"" ""ĠÐº"" ""ÑĢÐ¸"" ""ÑĤÐ¸"" ""ÐºÐ¾Ð¹"" ""ĠÐ½Ð°"" ""ĠÐ¿ÑĢ"" ""Ð¾Ðº"" ""Ñĥ"" ""ÑĢÐ°"" ""ÑĤÑĥ"" ""ÑĢÑĥ"" ""ĠÑĪ"" ""ÑĤÐ°"" ""ÑĤÐ°"" ""ĠÐľÐ°"" ""Ñģ"" ""ÑģÐ°"" ""Ñĩ"" ""ÑĥÑģ"" ""ÐµÑĤ"" ""Ñģ"" "","")"
bigscience/bloom-7b1,cs,. Osvobození 13. 5. 2019. Dostupné online [cit. 2019-05-22].,"(""."" ""ĠOs"" ""v"" ""obo"" ""zen"" ""ÃŃ"" ""Ġ13"" ""."" ""Ġ5"" ""."" ""Ġ2019"" ""."" ""ĠD"" ""ost"" ""up"" ""nÃ©"" ""Ġonline"" ""Ġ["" ""cit"" ""."" ""Ġ2019"" ""-05"" ""-2"" ""2]"" ""."")"
bigscience/bloom-7b1,es,". Según la Agencia Meteorológica Nacional, la provincia espera recibir una cantidad elevada de precipitaciones en las próximas horas. Los expertos en climatología advierten sobre la posibilidad de inundaciones en","(""."" ""ĠSegÃºn"" ""Ġla"" ""ĠAgencia"" ""ĠMeteor"" ""olÃ³gica"" ""ĠNacional"" "","" ""Ġla"" ""Ġprovincia"" ""Ġespera"" ""Ġrecibir"" ""Ġuna"" ""Ġcantidad"" ""Ġelevada"" ""Ġde"" ""Ġprecipitaciones"" ""Ġen"" ""Ġlas"" ""ĠprÃ³ximas"" ""Ġhoras"" ""."" ""ĠLos"" ""Ġexpertos"" ""Ġen"" ""Ġclimat"" ""ologÃŃa"" ""Ġadvierten"" ""Ġsobre"" ""Ġla"" ""Ġposibilidad"" ""Ġde"" ""Ġinundaciones"" ""Ġen"")"
bigscience/bloom-7b1,nl,"Dat was zijn toen ik tekenfilm zat en gaf aan.Ik wist er vrijdag ook. Je bent dan klaar om tekenen.Dat was niet het gedrag, dat is echt de dood.Vrijdag zijn","(""Dat"" ""Ġwas"" ""Ġz"" ""ijn"" ""Ġto"" ""en"" ""Ġik"" ""Ġtek"" ""en"" ""film"" ""Ġzat"" ""Ġen"" ""Ġgaf"" ""Ġaan"" ""."" ""Ik"" ""Ġw"" ""ist"" ""Ġer"" ""Ġv"" ""rij"" ""d"" ""ag"" ""Ġo"" ""ok"" ""."" ""ĠJe"" ""Ġbent"" ""Ġdan"" ""Ġkla"" ""ar"" ""Ġom"" ""Ġtek"" ""enen"" ""."" ""Dat"" ""Ġwas"" ""Ġni"" ""et"" ""Ġhet"" ""Ġged"" ""rag"" "","" ""Ġdat"" ""Ġis"" ""Ġe"" ""cht"" ""Ġde"" ""Ġdo"" ""od"" ""."" ""V"" ""rij"" ""d"" ""ag"" ""Ġz"" ""ijn"")"
bigscience/bloom-7b1,ca,El discurs oficial que d’Alec Martín d’Arriba (IBA) en el Congreso d’Europà va ser un acte de resposta que va provocar desesperació sobre la possibilitat de seguir per asegurar que,"(""El"" ""Ġdiscurs"" ""Ġoficial"" ""Ġque"" ""ĠdâĢĻA"" ""lec"" ""ĠMartÃŃn"" ""ĠdâĢĻ"" ""Arr"" ""iba"" ""Ġ("" ""IBA"" "")"" ""Ġen"" ""Ġel"" ""ĠCongreso"" ""ĠdâĢĻ"" ""Europ"" ""Ãł"" ""Ġva"" ""Ġser"" ""Ġun"" ""Ġacte"" ""Ġde"" ""Ġresposta"" ""Ġque"" ""Ġva"" ""Ġprovocar"" ""Ġdesesper"" ""aciÃ³"" ""Ġsobre"" ""Ġla"" ""Ġpossibilitat"" ""Ġde"" ""Ġseguir"" ""Ġper"" ""Ġasegurar"" ""Ġque"")"
utter-project/EuroLLM-1.7B,de,"Der Ausbruch des Coronavirus hat die Entwicklung eines Impfstoffs zur Eindämmung der Pandemie dringlich gemacht. In den letzten Monaten wurden verschiedene Tests durchgeführt, um zu verstehen, wie der menschliche Körper","(""▁Der"" ""▁Aus"" ""bruch"" ""▁des"" ""▁Coronavirus"" ""▁hat"" ""▁die"" ""▁Entwicklung"" ""▁eines"" ""▁Im"" ""pf"" ""stoff"" ""s"" ""▁zur"" ""▁Eind"" ""ämm"" ""ung"" ""▁der"" ""▁Pand"" ""em"" ""ie"" ""▁dr"" ""ing"" ""lich"" ""▁gemacht"" ""."" ""▁In"" ""▁den"" ""▁letzten"" ""▁Monaten"" ""▁wurden"" ""▁verschiedene"" ""▁Tests"" ""▁durchgeführt"" "","" ""▁um"" ""▁zu"" ""▁verstehen"" "","" ""▁wie"" ""▁der"" ""▁menschliche"" ""▁Körper"")"
utter-project/EuroLLM-1.7B,en,Alex Azar was officially sworn in as the U.S. Secretary of Health and Human Services (HHS) today. President Donald Trump administered the oath in a private ceremony at the White,"(""▁Alex"" ""▁Az"" ""ar"" ""▁was"" ""▁officially"" ""▁sw"" ""orn"" ""▁in"" ""▁as"" ""▁the"" ""▁U"" ""."" ""S"" ""."" ""▁Secretary"" ""▁of"" ""▁Health"" ""▁and"" ""▁Human"" ""▁Services"" ""▁("" ""H"" ""HS"" "")"" ""▁today"" ""."" ""▁President"" ""▁Donald"" ""▁Trump"" ""▁administered"" ""▁the"" ""▁oath"" ""▁in"" ""▁a"" ""▁private"" ""▁ceremony"" ""▁at"" ""▁the"" ""▁White"")"
utter-project/EuroLLM-1.7B,uk,"Європейський союз вимагає зупинити розтрату коштів Фонду боротьби з коронавірусом на цілі, що не пов'язані з протидією пандемії. Згідно з повідомленням ""Євросолідарності"", було виявлено випадки використання коштів на інші потреби,","(""▁Є"" ""вропей"" ""ський"" ""▁союз"" ""▁вимага"" ""є"" ""▁зу"" ""пи"" ""нити"" ""▁роз"" ""тра"" ""ту"" ""▁кош"" ""тів"" ""▁Фон"" ""ду"" ""▁бороть"" ""би"" ""▁з"" ""▁корона"" ""ві"" ""ру"" ""сом"" ""▁на"" ""▁ці"" ""лі"" "","" ""▁що"" ""▁не"" ""▁пов"" ""'"" ""яза"" ""ні"" ""▁з"" ""▁проти"" ""ді"" ""єю"" ""▁пан"" ""де"" ""мії"" ""."" ""▁З"" ""гідно"" ""▁з"" ""▁повідом"" ""лення"" ""м"" ""▁"""" ""Є"" ""вро"" ""со"" ""лі"" ""дар"" ""ності"" """","" ""▁було"" ""▁ви"" ""я"" ""влено"" ""▁випад"" ""ки"" ""▁використання"" ""▁кош"" ""тів"" ""▁на"" ""▁інші"" ""▁потреби"" "","")"
utter-project/EuroLLM-1.7B,zh,美国推出的2015年301名单表明，它将继续将中国列入美国贸易伙伴重点观察对象。,"(""▁"" ""美国"" ""推"" ""出的"" ""2"" ""0"" ""1"" ""5"" ""年"" ""3"" ""0"" ""1"" ""名"" ""单"" ""表明"" ""<0xEF>"" ""<0xBC>"" ""<0x8C>"" ""它"" ""将"" ""继续"" ""将"" ""中国"" ""列"" ""入"" ""美国"" ""贸易"" ""伙伴"" ""重点"" ""观察"" ""对象"" ""。"")"
utter-project/EuroLLM-1.7B,ar,قال المسؤول المسؤول للمنافذ الحدودية أنه ينتظر أن يتفق الشركاء العرب على تشكيل قوة عربية متكاملة ومناسبة لتغطية ارتكاب خطوات إستخدامية أو حيرة على المنافذ الحدودية أو مسافريها، أما ما,"(""▁قال"" ""▁المس"" ""ؤول"" ""▁المس"" ""ؤول"" ""▁للم"" ""نا"" ""ف"" ""ذ"" ""▁الحدود"" ""ية"" ""▁أنه"" ""▁ينت"" ""ظر"" ""▁أن"" ""▁يت"" ""فق"" ""▁الش"" ""رك"" ""اء"" ""▁العرب"" ""▁على"" ""▁تش"" ""كيل"" ""▁قوة"" ""▁ع"" ""ربية"" ""▁مت"" ""ك"" ""املة"" ""▁وم"" ""نا"" ""سبة"" ""▁لت"" ""غط"" ""ية"" ""▁ارت"" ""ك"" ""اب"" ""▁خط"" ""وات"" ""▁إ"" ""ستخدام"" ""ية"" ""▁أو"" ""▁ح"" ""يرة"" ""▁على"" ""▁المنا"" ""ف"" ""ذ"" ""▁الحدود"" ""ية"" ""▁أو"" ""▁مس"" ""اف"" ""ري"" ""ها"" ""،"" ""▁أما"" ""▁ما"")"
utter-project/EuroLLM-1.7B,pt,"Pesquisa apoia a posição do Primeiro-Ministro David Cameron.Nove em cada 10 dos principais economistas da Grã-Bretanha, que actuam no distrito financeiro de Londres, na academia e em pequenas empresas, acreditam","(""▁Pes"" ""quisa"" ""▁apo"" ""ia"" ""▁a"" ""▁posição"" ""▁do"" ""▁Primeiro"" ""-"" ""Min"" ""istro"" ""▁David"" ""▁Cameron"" ""."" ""N"" ""ove"" ""▁em"" ""▁cada"" ""▁"" ""1"" ""0"" ""▁dos"" ""▁principais"" ""▁econom"" ""istas"" ""▁da"" ""▁Grã"" ""-"" ""Bret"" ""anha"" "","" ""▁que"" ""▁actu"" ""am"" ""▁no"" ""▁distrito"" ""▁financeiro"" ""▁de"" ""▁Londres"" "","" ""▁na"" ""▁academia"" ""▁e"" ""▁em"" ""▁pequenas"" ""▁empresas"" "","" ""▁acredit"" ""am"")"
utter-project/EuroLLM-1.7B,ru,"Дональд , который был приговорён к смертной казни за организацию и осуществление двух терактов на финише Бостонского марафона 2013 года. Президент США обрушился с резкой критикой на прокуратуру штата Массачусетс,","(""▁Д"" ""ональ"" ""д"" ""▁,"" ""▁который"" ""▁был"" ""▁при"" ""говор"" ""ён"" ""▁к"" ""▁смер"" ""тной"" ""▁ка"" ""зни"" ""▁за"" ""▁организа"" ""цию"" ""▁и"" ""▁осуществ"" ""ление"" ""▁двух"" ""▁те"" ""рак"" ""тов"" ""▁на"" ""▁фи"" ""ни"" ""ше"" ""▁Бо"" ""сто"" ""нского"" ""▁ма"" ""ра"" ""фона"" ""▁"" ""2"" ""0"" ""1"" ""3"" ""▁года"" ""."" ""▁Президент"" ""▁США"" ""▁об"" ""ру"" ""ши"" ""лся"" ""▁с"" ""▁рез"" ""кой"" ""▁крити"" ""кой"" ""▁на"" ""▁прокура"" ""туру"" ""▁шта"" ""та"" ""▁Ма"" ""сса"" ""чу"" ""сет"" ""с"" "","")"
utter-project/EuroLLM-1.7B,cs,. Osvobození 13. 5. 2019. Dostupné online [cit. 2019-05-22].,"(""▁."" ""▁Os"" ""v"" ""obo"" ""zení"" ""▁"" ""1"" ""3"" ""."" ""▁"" ""5"" ""."" ""▁"" ""2"" ""0"" ""1"" ""9"" ""."" ""▁Dost"" ""up"" ""né"" ""▁online"" ""▁["" ""cit"" ""."" ""▁"" ""2"" ""0"" ""1"" ""9"" ""-"" ""0"" ""5"" ""-"" ""2"" ""2"" ""]."")"
utter-project/EuroLLM-1.7B,es,". Según la Agencia Meteorológica Nacional, la provincia espera recibir una cantidad elevada de precipitaciones en las próximas horas. Los expertos en climatología advierten sobre la posibilidad de inundaciones en","(""▁."" ""▁Según"" ""▁la"" ""▁Agen"" ""cia"" ""▁Meteor"" ""ológica"" ""▁Nacional"" "","" ""▁la"" ""▁provincia"" ""▁espera"" ""▁recibir"" ""▁una"" ""▁cantidad"" ""▁elevada"" ""▁de"" ""▁precipit"" ""aciones"" ""▁en"" ""▁las"" ""▁próximas"" ""▁horas"" ""."" ""▁Los"" ""▁expertos"" ""▁en"" ""▁climat"" ""ología"" ""▁adv"" ""ierten"" ""▁sobre"" ""▁la"" ""▁posibilidad"" ""▁de"" ""▁inund"" ""aciones"" ""▁en"")"
utter-project/EuroLLM-1.7B,nl,"Dat was zijn toen ik tekenfilm zat en gaf aan.Ik wist er vrijdag ook. Je bent dan klaar om tekenen.Dat was niet het gedrag, dat is echt de dood.Vrijdag zijn","(""▁Dat"" ""▁was"" ""▁zijn"" ""▁toen"" ""▁ik"" ""▁teken"" ""film"" ""▁zat"" ""▁en"" ""▁gaf"" ""▁aan"" ""."" ""Ik"" ""▁wist"" ""▁er"" ""▁vrijdag"" ""▁ook"" ""."" ""▁Je"" ""▁bent"" ""▁dan"" ""▁klaar"" ""▁om"" ""▁tek"" ""enen"" ""."" ""Dat"" ""▁was"" ""▁niet"" ""▁het"" ""▁gedrag"" "","" ""▁dat"" ""▁is"" ""▁echt"" ""▁de"" ""▁dood"" ""."" ""V"" ""rij"" ""dag"" ""▁zijn"")"
utter-project/EuroLLM-1.7B,ca,El discurs oficial que d’Alec Martín d’Arriba (IBA) en el Congreso d’Europà va ser un acte de resposta que va provocar desesperació sobre la possibilitat de seguir per asegurar que,"(""▁El"" ""▁discurs"" ""▁oficial"" ""▁que"" ""▁d"" ""’"" ""A"" ""lec"" ""▁Martín"" ""▁d"" ""’"" ""Ar"" ""riba"" ""▁("" ""I"" ""BA"" "")"" ""▁en"" ""▁el"" ""▁Congreso"" ""▁d"" ""’"" ""Europ"" ""à"" ""▁va"" ""▁ser"" ""▁un"" ""▁acte"" ""▁de"" ""▁resposta"" ""▁que"" ""▁va"" ""▁provocar"" ""▁desesper"" ""ació"" ""▁sobre"" ""▁la"" ""▁possibil"" ""itat"" ""▁de"" ""▁seguir"" ""▁per"" ""▁asegurar"" ""▁que"")"
ai-forever/mGPT,de,"Der Ausbruch des Coronavirus hat die Entwicklung eines Impfstoffs zur Eindämmung der Pandemie dringlich gemacht. In den letzten Monaten wurden verschiedene Tests durchgeführt, um zu verstehen, wie der menschliche Körper","(""Der"" ""ĠAusbruch"" ""Ġdes"" ""ĠCoron"" ""avirus"" ""Ġhat"" ""Ġdie"" ""ĠEntwicklung"" ""Ġeines"" ""ĠImp"" ""f"" ""stoff"" ""s"" ""Ġzur"" ""ĠEind"" ""Ã¤mm"" ""ung"" ""Ġder"" ""ĠPand"" ""emie"" ""Ġdr"" ""ing"" ""lich"" ""Ġgemacht"" ""."" ""ĠIn"" ""Ġden"" ""Ġletzten"" ""ĠMonaten"" ""Ġwurden"" ""Ġverschiedene"" ""ĠTests"" ""ĠdurchgefÃ¼hrt"" "","" ""Ġum"" ""Ġzu"" ""Ġverstehen"" "","" ""Ġwie"" ""Ġder"" ""Ġmensch"" ""liche"" ""ĠKÃ¶rper"")"
ai-forever/mGPT,en,Alex Azar was officially sworn in as the U.S. Secretary of Health and Human Services (HHS) today. President Donald Trump administered the oath in a private ceremony at the White,"(""Alex"" ""ĠAz"" ""ar"" ""Ġwas"" ""Ġofficially"" ""Ġsw"" ""orn"" ""Ġin"" ""Ġas"" ""Ġthe"" ""ĠU"" ""."" ""S"" ""."" ""ĠSecretary"" ""Ġof"" ""ĠHealth"" ""Ġand"" ""ĠHuman"" ""ĠServices"" ""Ġ("" ""H"" ""HS"" "")"" ""Ġtoday"" ""."" ""ĠPresident"" ""ĠDonald"" ""ĠTrump"" ""Ġadministered"" ""Ġthe"" ""Ġo"" ""ath"" ""Ġin"" ""Ġa"" ""Ġprivate"" ""Ġceremony"" ""Ġat"" ""Ġthe"" ""ĠWhite"")"
ai-forever/mGPT,uk,"Європейський союз вимагає зупинити розтрату коштів Фонду боротьби з коронавірусом на цілі, що не пов'язані з протидією пандемії. Згідно з повідомленням ""Євросолідарності"", було виявлено випадки використання коштів на інші потреби,","(""Ð"" ""Ħ"" ""Ð²"" ""ÑĢÐ¾Ð¿ÐµÐ¹"" ""ÑģÑĮ"" ""ÐºÐ¸Ð¹"" ""ĠÑģÐ¾ÑİÐ·"" ""ĠÐ²"" ""Ð¸Ð¼Ð°"" ""Ð³Ð°"" ""Ñ"" ""Ķ"" ""ĠÐ·"" ""ÑĥÐ¿"" ""Ð¸Ð½Ð¸"" ""ÑĤÐ¸"" ""ĠÑĢÐ¾Ð·"" ""ÑĤ"" ""ÑĢÐ°ÑĤ"" ""Ñĥ"" ""ĠÐº"" ""Ð¾ÑĪ"" ""ÑĤ"" ""Ñĸ"" ""Ð²"" ""ĠÐ¤"" ""Ð¾Ð½"" ""Ð´Ñĥ"" ""ĠÐ±Ð¾ÑĢ"" ""Ð¾ÑĤ"" ""ÑĮ"" ""Ð±Ð¸"" ""ĠÐ·"" ""ĠÐºÐ¾ÑĢ"" ""Ð¾Ð½"" ""Ð°Ð²"" ""Ñĸ"" ""ÑĢÑĥ"" ""ÑģÐ¾Ð¼"" ""ĠÐ½Ð°"" ""ĠÑĨ"" ""Ñĸ"" ""Ð»"" ""Ñĸ"" "","" ""ĠÑī"" ""Ð¾"" ""ĠÐ½Ðµ"" ""ĠÐ¿Ð¾Ð²"" ""'"" ""ÑıÐ·"" ""Ð°Ð½"" ""Ñĸ"" ""ĠÐ·"" ""ĠÐ¿ÑĢÐ¾ÑĤ"" ""Ð¸Ð´"" ""Ñĸ"" ""Ñ"" ""Ķ"" ""Ñİ"" ""ĠÐ¿"" ""Ð°Ð½Ð´"" ""ÐµÐ¼"" ""Ñĸ"" ""Ñ"" ""Ĺ"" ""."" ""ĠÐĹ"" ""Ð³"" ""Ñĸ"" ""Ð´"" ""Ð½Ð¾"" ""ĠÐ·"" ""ĠÐ¿Ð¾Ð²"" ""Ñĸ"" ""Ð´Ð¾Ð¼"" ""Ð»ÐµÐ½"" ""Ð½Ñı"" ""Ð¼"" ""Ġ"""" ""Ð"" ""Ħ"" ""Ð²"" ""ÑĢÐ¾Ñģ"" ""Ð¾Ð»"" ""Ñĸ"" ""Ð´Ð°ÑĢ"" ""Ð½Ð¾ÑģÑĤ"" ""Ñĸ"" """","" ""ĠÐ±Ñĥ"" ""Ð»Ð¾"" ""ĠÐ²"" ""Ð¸Ñı"" ""Ð²"" ""Ð»ÐµÐ½Ð¾"" ""ĠÐ²"" ""Ð¸Ð¿"" ""Ð°Ð´"" ""ÐºÐ¸"" ""ĠÐ²"" ""Ð¸Ðº"" ""Ð¾ÑĢÐ¸"" ""ÑģÑĤÐ°Ð½"" ""Ð½Ñı"" ""ĠÐº"" ""Ð¾ÑĪ"" ""ÑĤ"" ""Ñĸ"" ""Ð²"" ""ĠÐ½Ð°"" ""Ġ"" ""Ñĸ"" ""Ð½"" ""ÑĪ"" ""Ñĸ"" ""ĠÐ¿Ð¾ÑĤÑĢÐµÐ±"" ""Ð¸"" "","")"
ai-forever/mGPT,zh,美国推出的2015年301名单表明，它将继续将中国列入美国贸易伙伴重点观察对象。,"(""ç¾İåĽ½"" ""æİ¨åĩº"" ""çļĦ"" ""2015"" ""å¹´"" ""301"" ""åĲį"" ""åįķ"" ""è¡¨æĺİ"" ""ï¼Į"" ""å®ĥ"" ""å°Ĩ"" ""ç»§ç»Ń"" ""å°Ĩ"" ""ä¸ŃåĽ½"" ""åĪĹ"" ""åħ¥"" ""ç¾İåĽ½"" ""è´¸"" ""æĺĵ"" ""ä¼"" ""Ļ"" ""ä¼´"" ""éĩįçĤ¹"" ""è§Ĥ"" ""å¯Ł"" ""å¯¹"" ""è±¡"" ""ãĢĤ"")"
ai-forever/mGPT,ar,قال المسؤول المسؤول للمنافذ الحدودية أنه ينتظر أن يتفق الشركاء العرب على تشكيل قوة عربية متكاملة ومناسبة لتغطية ارتكاب خطوات إستخدامية أو حيرة على المنافذ الحدودية أو مسافريها، أما ما,"(""ÙĤØ§ÙĦ"" ""ĠØ§ÙĦÙħØ³"" ""Ø¤ÙĪÙĦ"" ""ĠØ§ÙĦÙħØ³"" ""Ø¤ÙĪÙĦ"" ""ĠÙĦÙĦÙħ"" ""ÙĨ"" ""Ø§Ùģ"" ""Ø°"" ""ĠØ§ÙĦØŃØ¯ÙĪØ¯"" ""ÙĬØ©"" ""ĠØ£ÙĨÙĩ"" ""ĠÙĬ"" ""ÙĨØª"" ""Ø¸Ø±"" ""ĠØ£ÙĨ"" ""ĠÙĬ"" ""ØªÙģ"" ""ÙĤ"" ""ĠØ§ÙĦØ´"" ""Ø±Ùĥ"" ""Ø§Ø¡"" ""ĠØ§ÙĦØ¹Ø±Ø¨"" ""ĠØ¹ÙĦÙī"" ""ĠØªØ´"" ""ÙĥÙĬÙĦ"" ""ĠÙĤÙĪØ©"" ""ĠØ¹"" ""Ø±Ø¨ÙĬØ©"" ""ĠÙħØª"" ""ÙĥØ§Ùħ"" ""ÙĦØ©"" ""ĠÙĪÙħÙĨ"" ""Ø§Ø³Ø¨Ø©"" ""ĠÙĦØª"" ""ØºØ·"" ""ÙĬØ©"" ""ĠØ§Ø±"" ""Øª"" ""Ùĥ"" ""Ø§Ø¨"" ""ĠØ®Ø·"" ""ÙĪØ§Øª"" ""ĠØ¥"" ""Ø³Øª"" ""Ø®Ø¯Ø§Ùħ"" ""ÙĬØ©"" ""ĠØ£ÙĪ"" ""ĠØŃ"" ""ÙĬØ±Ø©"" ""ĠØ¹ÙĦÙī"" ""ĠØ§ÙĦÙħÙĨ"" ""Ø§Ùģ"" ""Ø°"" ""ĠØ§ÙĦØŃØ¯ÙĪØ¯"" ""ÙĬØ©"" ""ĠØ£ÙĪ"" ""ĠÙħØ³"" ""Ø§Ùģ"" ""Ø±ÙĬ"" ""ÙĩØ§"" ""ØĮ"" ""ĠØ£ÙħØ§"" ""ĠÙħØ§"")"
ai-forever/mGPT,pt,"Pesquisa apoia a posição do Primeiro-Ministro David Cameron.Nove em cada 10 dos principais economistas da Grã-Bretanha, que actuam no distrito financeiro de Londres, na academia e em pequenas empresas, acreditam","(""P"" ""es"" ""quisa"" ""Ġapo"" ""ia"" ""Ġa"" ""ĠposiÃ§Ã£o"" ""Ġdo"" ""ĠPrime"" ""iro"" ""-"" ""Min"" ""istro"" ""ĠDavid"" ""ĠCameron"" ""."" ""N"" ""ove"" ""Ġem"" ""Ġcada"" ""Ġ10"" ""Ġdos"" ""Ġprincipais"" ""Ġeconom"" ""istas"" ""Ġda"" ""ĠGr"" ""Ã£"" ""-"" ""B"" ""ret"" ""anha"" "","" ""Ġque"" ""Ġactu"" ""am"" ""Ġno"" ""Ġdistrito"" ""Ġfinance"" ""iro"" ""Ġde"" ""ĠLondres"" "","" ""Ġna"" ""Ġacademia"" ""Ġe"" ""Ġem"" ""Ġpequenas"" ""Ġempresas"" "","" ""Ġacredit"" ""am"")"
ai-forever/mGPT,ru,"Дональд , который был приговорён к смертной казни за организацию и осуществление двух терактов на финише Бостонского марафона 2013 года. Президент США обрушился с резкой критикой на прокуратуру штата Массачусетс,","(""ÐĶ"" ""Ð¾Ð½"" ""Ð°Ð»ÑĮÐ´"" ""Ġ,"" ""ĠÐºÐ¾ÑĤÐ¾ÑĢÑĭÐ¹"" ""ĠÐ±ÑĭÐ»"" ""ĠÐ¿ÑĢÐ¸Ð³Ð¾Ð²Ð¾ÑĢ"" ""ÑĳÐ½"" ""ĠÐº"" ""ĠÑģÐ¼ÐµÑĢÑĤ"" ""Ð½Ð¾Ð¹"" ""ĠÐºÐ°Ð·"" ""Ð½Ð¸"" ""ĠÐ·Ð°"" ""ĠÐ¾ÑĢÐ³Ð°Ð½Ð¸Ð·Ð°"" ""ÑĨÐ¸Ñİ"" ""ĠÐ¸"" ""ĠÐ¾ÑģÑĥÑīÐµÑģÑĤÐ²"" ""Ð»ÐµÐ½Ð¸Ðµ"" ""ĠÐ´Ð²ÑĥÑħ"" ""ĠÑĤ"" ""ÐµÑĢÐ°"" ""ÐºÑĤ"" ""Ð¾Ð²"" ""ĠÐ½Ð°"" ""ĠÑĦÐ¸Ð½Ð¸"" ""ÑĪÐµ"" ""ĠÐĳ"" ""Ð¾ÑģÑĤ"" ""Ð¾Ð½"" ""ÑģÐºÐ¾Ð³Ð¾"" ""ĠÐ¼"" ""Ð°ÑĢÐ°"" ""ÑĦ"" ""Ð¾Ð½Ð°"" ""Ġ2013"" ""ĠÐ³Ð¾Ð´Ð°"" ""."" ""ĠÐŁÑĢÐµÐ·Ð¸Ð´ÐµÐ½ÑĤ"" ""ĠÐ¡Ð¨ÐĲ"" ""ĠÐ¾Ð±"" ""ÑĢÑĥÑĪ"" ""Ð¸Ð»ÑģÑı"" ""ĠÑģ"" ""ĠÑĢÐµÐ·"" ""ÐºÐ¾Ð¹"" ""ĠÐºÑĢÐ¸ÑĤÐ¸"" ""ÐºÐ¾Ð¹"" ""ĠÐ½Ð°"" ""ĠÐ¿ÑĢÐ¾Ðº"" ""Ñĥ"" ""ÑĢÐ°ÑĤ"" ""ÑĥÑĢÑĥ"" ""ĠÑĪÑĤÐ°ÑĤÐ°"" ""ĠÐľ"" ""Ð°ÑģÑģÐ°"" ""Ñĩ"" ""ÑĥÑģ"" ""ÐµÑĤ"" ""Ñģ"" "","")"
ai-forever/mGPT,cs,. Osvobození 13. 5. 2019. Dostupné online [cit. 2019-05-22].,"(""."" ""ĠOs"" ""v"" ""obo"" ""zen"" ""ÃŃ"" ""Ġ13"" ""."" ""Ġ5"" ""."" ""Ġ2019"" ""."" ""ĠD"" ""ost"" ""up"" ""nÃ©"" ""Ġonline"" ""Ġ["" ""c"" ""it"" ""."" ""Ġ2019"" ""-"" ""05"" ""-"" ""22"" ""]."")"
ai-forever/mGPT,es,". Según la Agencia Meteorológica Nacional, la provincia espera recibir una cantidad elevada de precipitaciones en las próximas horas. Los expertos en climatología advierten sobre la posibilidad de inundaciones en","(""."" ""ĠSegÃºn"" ""Ġla"" ""ĠA"" ""gencia"" ""ĠMeteor"" ""olÃ³gica"" ""ĠNacional"" "","" ""Ġla"" ""Ġprovincia"" ""Ġespera"" ""Ġrecibir"" ""Ġuna"" ""Ġcantidad"" ""Ġelevada"" ""Ġde"" ""Ġprecipit"" ""aciones"" ""Ġen"" ""Ġlas"" ""ĠprÃ³xim"" ""as"" ""Ġhoras"" ""."" ""ĠLos"" ""Ġexpert"" ""os"" ""Ġen"" ""Ġclimat"" ""ologÃŃa"" ""Ġadv"" ""ierten"" ""Ġsobre"" ""Ġla"" ""Ġposibilidad"" ""Ġde"" ""Ġinund"" ""aciones"" ""Ġen"")"
ai-forever/mGPT,nl,"Dat was zijn toen ik tekenfilm zat en gaf aan.Ik wist er vrijdag ook. Je bent dan klaar om tekenen.Dat was niet het gedrag, dat is echt de dood.Vrijdag zijn","(""Dat"" ""Ġwas"" ""Ġzijn"" ""Ġtoen"" ""Ġik"" ""Ġtek"" ""en"" ""film"" ""Ġzat"" ""Ġen"" ""Ġgaf"" ""Ġaan"" ""."" ""I"" ""k"" ""Ġwist"" ""Ġer"" ""Ġvrij"" ""dag"" ""Ġook"" ""."" ""ĠJe"" ""Ġbent"" ""Ġdan"" ""Ġkla"" ""ar"" ""Ġom"" ""Ġtek"" ""enen"" ""."" ""Dat"" ""Ġwas"" ""Ġniet"" ""Ġhet"" ""Ġged"" ""rag"" "","" ""Ġdat"" ""Ġis"" ""Ġecht"" ""Ġde"" ""Ġdood"" ""."" ""V"" ""rij"" ""dag"" ""Ġzijn"")"
ai-forever/mGPT,ca,El discurs oficial que d’Alec Martín d’Arriba (IBA) en el Congreso d’Europà va ser un acte de resposta que va provocar desesperació sobre la possibilitat de seguir per asegurar que,"(""El"" ""Ġdisc"" ""urs"" ""Ġoficial"" ""Ġque"" ""Ġd"" ""âĢĻ"" ""Ale"" ""c"" ""ĠMartÃŃn"" ""Ġd"" ""âĢĻ"" ""Ar"" ""riba"" ""Ġ("" ""I"" ""BA"" "")"" ""Ġen"" ""Ġel"" ""ĠCongreso"" ""Ġd"" ""âĢĻ"" ""Europ"" ""Ãł"" ""Ġva"" ""Ġser"" ""Ġun"" ""Ġacte"" ""Ġde"" ""Ġresposta"" ""Ġque"" ""Ġva"" ""Ġprovoc"" ""ar"" ""Ġdes"" ""esper"" ""ac"" ""iÃ³"" ""Ġsobre"" ""Ġla"" ""Ġpossib"" ""ilit"" ""at"" ""Ġde"" ""Ġseguir"" ""Ġper"" ""Ġasegur"" ""ar"" ""Ġque"")"
facebook/opt-125m,de,"Der Ausbruch des Coronavirus hat die Entwicklung eines Impfstoffs zur Eindämmung der Pandemie dringlich gemacht. In den letzten Monaten wurden verschiedene Tests durchgeführt, um zu verstehen, wie der menschliche Körper","(""Der"" ""ĠAus"" ""b"" ""ru"" ""ch"" ""Ġdes"" ""ĠCor"" ""on"" ""av"" ""irus"" ""Ġhat"" ""Ġdie"" ""ĠEnt"" ""wick"" ""l"" ""ung"" ""Ġe"" ""ines"" ""ĠImp"" ""f"" ""st"" ""offs"" ""Ġz"" ""ur"" ""ĠE"" ""ind"" ""Ã¤"" ""mm"" ""ung"" ""Ġder"" ""ĠPand"" ""em"" ""ie"" ""Ġdr"" ""ing"" ""lich"" ""Ġgem"" ""acht"" ""."" ""ĠIn"" ""Ġden"" ""Ġlet"" ""z"" ""ten"" ""ĠMon"" ""aten"" ""Ġw"" ""urden"" ""Ġvers"" ""ch"" ""ied"" ""ene"" ""ĠTests"" ""Ġd"" ""urch"" ""ge"" ""f"" ""Ã¼"" ""hr"" ""t"" "","" ""Ġum"" ""Ġz"" ""u"" ""Ġver"" ""ste"" ""hen"" "","" ""Ġw"" ""ie"" ""Ġder"" ""Ġm"" ""ens"" ""ch"" ""lic"" ""he"" ""ĠK"" ""Ã¶r"" ""per"")"
facebook/opt-125m,en,Alex Azar was officially sworn in as the U.S. Secretary of Health and Human Services (HHS) today. President Donald Trump administered the oath in a private ceremony at the White,"(""Alex"" ""ĠAz"" ""ar"" ""Ġwas"" ""Ġofficially"" ""Ġsworn"" ""Ġin"" ""Ġas"" ""Ġthe"" ""ĠU"" ""."" ""S"" ""."" ""ĠSecretary"" ""Ġof"" ""ĠHealth"" ""Ġand"" ""ĠHuman"" ""ĠServices"" ""Ġ("" ""H"" ""HS"" "")"" ""Ġtoday"" ""."" ""ĠPresident"" ""ĠDonald"" ""ĠTrump"" ""Ġadministered"" ""Ġthe"" ""Ġoath"" ""Ġin"" ""Ġa"" ""Ġprivate"" ""Ġceremony"" ""Ġat"" ""Ġthe"" ""ĠWhite"")"
facebook/opt-125m,uk,"Європейський союз вимагає зупинити розтрату коштів Фонду боротьби з коронавірусом на цілі, що не пов'язані з протидією пандемії. Згідно з повідомленням ""Євросолідарності"", було виявлено випадки використання коштів на інші потреби,","(""Ð"" ""Ħ"" ""Ð²"" ""ÑĢ"" ""Ð¾Ð"" ""¿"" ""Ðµ"" ""Ð"" ""¹"" ""Ñģ"" ""ÑĮ"" ""Ðº"" ""Ð¸"" ""Ð"" ""¹"" ""Ġ"" ""Ñģ"" ""Ð¾"" ""Ñ"" ""İ"" ""Ð"" ""·"" ""ĠÐ"" ""²"" ""Ð¸"" ""Ð¼"" ""Ð°"" ""Ð"" ""³"" ""Ð°"" ""Ñ"" ""Ķ"" ""ĠÐ"" ""·"" ""Ñĥ"" ""Ð"" ""¿"" ""Ð¸"" ""Ð½"" ""Ð¸"" ""ÑĤ"" ""Ð¸"" ""Ġ"" ""ÑĢ"" ""Ð¾Ð"" ""·"" ""ÑĤ"" ""ÑĢ"" ""Ð°"" ""ÑĤ"" ""Ñĥ"" ""ĠÐ"" ""º"" ""Ð¾"" ""Ñ"" ""Ī"" ""ÑĤ"" ""Ñ"" ""ĸ"" ""Ð²"" ""ĠÐ"" ""¤"" ""Ð¾"" ""Ð½"" ""Ð´"" ""Ñĥ"" ""ĠÐ"" ""±"" ""Ð¾"" ""ÑĢ"" ""Ð¾"" ""ÑĤ"" ""ÑĮ"" ""Ð"" ""±"" ""Ð¸"" ""ĠÐ"" ""·"" ""ĠÐ"" ""º"" ""Ð¾"" ""ÑĢ"" ""Ð¾"" ""Ð½"" ""Ð°"" ""Ð²"" ""Ñ"" ""ĸ"" ""ÑĢ"" ""Ñĥ"" ""Ñģ"" ""Ð¾Ð"" ""¼"" ""ĠÐ"" ""½"" ""Ð°"" ""Ġ"" ""Ñ"" ""Ĩ"" ""Ñ"" ""ĸ"" ""Ð»"" ""Ñ"" ""ĸ"" "","" ""Ġ"" ""Ñ"" ""ī"" ""Ð¾"" ""ĠÐ"" ""½"" ""Ðµ"" ""ĠÐ"" ""¿"" ""Ð¾Ð"" ""²"" ""'"" ""Ñı"" ""Ð"" ""·"" ""Ð°"" ""Ð½"" ""Ñ"" ""ĸ"" ""ĠÐ"" ""·"" ""ĠÐ"" ""¿"" ""ÑĢ"" ""Ð¾"" ""ÑĤ"" ""Ð¸"" ""Ð´"" ""Ñ"" ""ĸ"" ""Ñ"" ""Ķ"" ""Ñ"" ""İ"" ""ĠÐ"" ""¿"" ""Ð°"" ""Ð½"" ""Ð´"" ""Ðµ"" ""Ð¼"" ""Ñ"" ""ĸ"" ""Ñ"" ""Ĺ"" ""."" ""ĠÐ"" ""Ĺ"" ""Ð"" ""³"" ""Ñ"" ""ĸ"" ""Ð´"" ""Ð½"" ""Ð¾"" ""ĠÐ"" ""·"" ""ĠÐ"" ""¿"" ""Ð¾Ð"" ""²"" ""Ñ"" ""ĸ"" ""Ð´"" ""Ð¾Ð"" ""¼"" ""Ð»"" ""Ðµ"" ""Ð½"" ""Ð½"" ""Ñı"" ""Ð¼"" ""Ġ"""" ""Ð"" ""Ħ"" ""Ð²"" ""ÑĢ"" ""Ð¾"" ""Ñģ"" ""Ð¾Ð"" ""»"" ""Ñ"" ""ĸ"" ""Ð´"" ""Ð°"" ""ÑĢ"" ""Ð½"" ""Ð¾"" ""Ñģ"" ""ÑĤ"" ""Ñ"" ""ĸ"" """","" ""ĠÐ"" ""±"" ""Ñĥ"" ""Ð»"" ""Ð¾"" ""ĠÐ"" ""²"" ""Ð¸"" ""Ñı"" ""Ð²"" ""Ð»"" ""Ðµ"" ""Ð½"" ""Ð¾"" ""ĠÐ"" ""²"" ""Ð¸"" ""Ð"" ""¿"" ""Ð°"" ""Ð´"" ""Ðº"" ""Ð¸"" ""ĠÐ"" ""²"" ""Ð¸"" ""Ðº"" ""Ð¾"" ""ÑĢ"" ""Ð¸"" ""Ñģ"" ""ÑĤ"" ""Ð°"" ""Ð½"" ""Ð½"" ""Ñı"" ""ĠÐ"" ""º"" ""Ð¾"" ""Ñ"" ""Ī"" ""ÑĤ"" ""Ñ"" ""ĸ"" ""Ð²"" ""ĠÐ"" ""½"" ""Ð°"" ""Ġ"" ""Ñ"" ""ĸ"" ""Ð½"" ""Ñ"" ""Ī"" ""Ñ"" ""ĸ"" ""ĠÐ"" ""¿"" ""Ð¾"" ""ÑĤ"" ""ÑĢ"" ""Ðµ"" ""Ð"" ""±"" ""Ð¸"" "","")"
facebook/opt-125m,zh,美国推出的2015年301名单表明，它将继续将中国列入美国贸易伙伴重点观察对象。,"(""ç"" ""¾"" ""İ"" ""åĽ"" ""½"" ""æ"" ""İ"" ""¨"" ""åĩ"" ""º"" ""çļĦ"" ""2015"" ""å¹"" ""´"" ""301"" ""åĲ"" ""į"" ""åį"" ""ķ"" ""è¡"" ""¨"" ""æĺ"" ""İ"" ""ï"" ""¼"" ""Į"" ""å®"" ""ĥ"" ""å°Ĩ"" ""ç"" ""»"" ""§"" ""ç"" ""»"" ""Ń"" ""å°Ĩ"" ""ä¸Ń"" ""åĽ"" ""½"" ""åĪ"" ""Ĺ"" ""åħ"" ""¥"" ""ç"" ""¾"" ""İ"" ""åĽ"" ""½"" ""è"" ""´"" ""¸"" ""æĺ"" ""ĵ"" ""ä¼"" ""Ļ"" ""ä¼"" ""´"" ""éĩ"" ""į"" ""ç"" ""Ĥ"" ""¹"" ""è"" ""§"" ""Ĥ"" ""å¯"" ""Ł"" ""å¯"" ""¹"" ""è"" ""±"" ""¡"" ""ãĢĤ"")"
facebook/opt-125m,ar,قال المسؤول المسؤول للمنافذ الحدودية أنه ينتظر أن يتفق الشركاء العرب على تشكيل قوة عربية متكاملة ومناسبة لتغطية ارتكاب خطوات إستخدامية أو حيرة على المنافذ الحدودية أو مسافريها، أما ما,"(""Ù"" ""Ĥ"" ""Ø§ÙĦ"" ""ĠØ§ÙĦ"" ""Ùħ"" ""Ø³"" ""Ø"" ""¤"" ""ÙĪ"" ""ÙĦ"" ""ĠØ§ÙĦ"" ""Ùħ"" ""Ø³"" ""Ø"" ""¤"" ""ÙĪ"" ""ÙĦ"" ""Ġ"" ""ÙĦ"" ""ÙĦ"" ""Ùħ"" ""ÙĨ"" ""Ø§"" ""Ù"" ""ģ"" ""Ø"" ""°"" ""ĠØ§ÙĦ"" ""Ø"" ""Ń"" ""Ø¯"" ""ÙĪ"" ""Ø¯"" ""ÙĬ"" ""Ø©"" ""ĠØ"" ""£"" ""ÙĨ"" ""Ùĩ"" ""ĠÙ"" ""Ĭ"" ""ÙĨ"" ""Øª"" ""Ø"" ""¸"" ""Ø±"" ""ĠØ"" ""£"" ""ÙĨ"" ""ĠÙ"" ""Ĭ"" ""Øª"" ""Ù"" ""ģ"" ""Ù"" ""Ĥ"" ""ĠØ§ÙĦ"" ""Ø"" ""´"" ""Ø±"" ""Ù"" ""ĥ"" ""Ø§Ø"" ""¡"" ""ĠØ§ÙĦ"" ""Ø¹"" ""Ø±"" ""Ø¨"" ""ĠØ"" ""¹"" ""ÙĦ"" ""Ù"" ""ī"" ""ĠØ"" ""ª"" ""Ø"" ""´"" ""Ù"" ""ĥ"" ""ÙĬ"" ""ÙĦ"" ""ĠÙ"" ""Ĥ"" ""ÙĪ"" ""Ø©"" ""ĠØ"" ""¹"" ""Ø±"" ""Ø¨"" ""ÙĬ"" ""Ø©"" ""ĠÙħ"" ""Øª"" ""Ù"" ""ĥ"" ""Ø§"" ""Ùħ"" ""ÙĦ"" ""Ø©"" ""ĠÙĪ"" ""Ùħ"" ""ÙĨ"" ""Ø§Ø"" ""³"" ""Ø¨"" ""Ø©"" ""Ġ"" ""ÙĦ"" ""Øª"" ""Ø"" ""º"" ""Ø"" ""·"" ""ÙĬ"" ""Ø©"" ""Ġ"" ""Ø§"" ""Ø±"" ""Øª"" ""Ù"" ""ĥ"" ""Ø§Ø"" ""¨"" ""ĠØ"" ""®"" ""Ø"" ""·"" ""ÙĪ"" ""Ø§Ø"" ""ª"" ""ĠØ"" ""¥"" ""Ø³"" ""Øª"" ""Ø"" ""®"" ""Ø¯"" ""Ø§"" ""Ùħ"" ""ÙĬ"" ""Ø©"" ""ĠØ"" ""£"" ""ÙĪ"" ""ĠØ"" ""Ń"" ""ÙĬ"" ""Ø±"" ""Ø©"" ""ĠØ"" ""¹"" ""ÙĦ"" ""Ù"" ""ī"" ""ĠØ§ÙĦ"" ""Ùħ"" ""ÙĨ"" ""Ø§"" ""Ù"" ""ģ"" ""Ø"" ""°"" ""ĠØ§ÙĦ"" ""Ø"" ""Ń"" ""Ø¯"" ""ÙĪ"" ""Ø¯"" ""ÙĬ"" ""Ø©"" ""ĠØ"" ""£"" ""ÙĪ"" ""ĠÙħ"" ""Ø³"" ""Ø§"" ""Ù"" ""ģ"" ""Ø±"" ""ÙĬ"" ""Ùĩ"" ""Ø§"" ""Ø"" ""Į"" ""ĠØ"" ""£"" ""Ùħ"" ""Ø§"" ""ĠÙħ"" ""Ø§"")"
facebook/opt-125m,pt,"Pesquisa apoia a posição do Primeiro-Ministro David Cameron.Nove em cada 10 dos principais economistas da Grã-Bretanha, que actuam no distrito financeiro de Londres, na academia e em pequenas empresas, acreditam","(""P"" ""es"" ""qu"" ""isa"" ""Ġap"" ""o"" ""ia"" ""Ġa"" ""Ġpos"" ""i"" ""Ã§"" ""Ã£o"" ""Ġdo"" ""ĠPrime"" ""iro"" ""-"" ""Min"" ""ist"" ""ro"" ""ĠDavid"" ""ĠCameron"" ""."" ""N"" ""ove"" ""Ġem"" ""Ġc"" ""ada"" ""Ġ10"" ""Ġdos"" ""Ġprincip"" ""ais"" ""Ġeconomist"" ""as"" ""Ġda"" ""ĠGr"" ""Ã£"" ""-"" ""B"" ""ret"" ""an"" ""ha"" "","" ""Ġque"" ""Ġactu"" ""am"" ""Ġno"" ""Ġdist"" ""rito"" ""Ġfinance"" ""iro"" ""Ġde"" ""ĠL"" ""ond"" ""res"" "","" ""Ġna"" ""Ġacademia"" ""Ġe"" ""Ġem"" ""Ġpe"" ""qu"" ""en"" ""as"" ""Ġem"" ""pres"" ""as"" "","" ""Ġac"" ""redit"" ""am"")"
facebook/opt-125m,ru,"Дональд , который был приговорён к смертной казни за организацию и осуществление двух терактов на финише Бостонского марафона 2013 года. Президент США обрушился с резкой критикой на прокуратуру штата Массачусетс,","(""Ð"" ""Ķ"" ""Ð¾"" ""Ð½"" ""Ð°"" ""Ð»"" ""ÑĮ"" ""Ð´"" ""Ġ,"" ""ĠÐ"" ""º"" ""Ð¾"" ""ÑĤ"" ""Ð¾"" ""ÑĢ"" ""Ñĭ"" ""Ð"" ""¹"" ""ĠÐ"" ""±"" ""Ñĭ"" ""Ð»"" ""ĠÐ"" ""¿"" ""ÑĢ"" ""Ð¸"" ""Ð"" ""³"" ""Ð¾Ð"" ""²"" ""Ð¾"" ""ÑĢ"" ""Ñ"" ""ĳ"" ""Ð½"" ""ĠÐ"" ""º"" ""Ġ"" ""Ñģ"" ""Ð¼"" ""Ðµ"" ""ÑĢ"" ""ÑĤ"" ""Ð½"" ""Ð¾Ð"" ""¹"" ""ĠÐ"" ""º"" ""Ð°"" ""Ð"" ""·"" ""Ð½"" ""Ð¸"" ""ĠÐ"" ""·"" ""Ð°"" ""ĠÐ"" ""¾"" ""ÑĢ"" ""Ð"" ""³"" ""Ð°"" ""Ð½"" ""Ð¸"" ""Ð"" ""·"" ""Ð°"" ""Ñ"" ""Ĩ"" ""Ð¸"" ""Ñ"" ""İ"" ""ĠÐ"" ""¸"" ""ĠÐ"" ""¾"" ""Ñģ"" ""Ñĥ"" ""Ñ"" ""ī"" ""Ðµ"" ""Ñģ"" ""ÑĤ"" ""Ð²"" ""Ð»"" ""Ðµ"" ""Ð½"" ""Ð¸"" ""Ðµ"" ""ĠÐ"" ""´"" ""Ð²"" ""Ñĥ"" ""Ñ"" ""ħ"" ""Ġ"" ""ÑĤ"" ""Ðµ"" ""ÑĢ"" ""Ð°"" ""Ðº"" ""ÑĤ"" ""Ð¾Ð"" ""²"" ""ĠÐ"" ""½"" ""Ð°"" ""Ġ"" ""Ñ"" ""Ħ"" ""Ð¸"" ""Ð½"" ""Ð¸"" ""Ñ"" ""Ī"" ""Ðµ"" ""ĠÐ"" ""ĳ"" ""Ð¾"" ""Ñģ"" ""ÑĤ"" ""Ð¾"" ""Ð½"" ""Ñģ"" ""Ðº"" ""Ð¾Ð"" ""³"" ""Ð¾"" ""ĠÐ"" ""¼"" ""Ð°"" ""ÑĢ"" ""Ð°"" ""Ñ"" ""Ħ"" ""Ð¾"" ""Ð½"" ""Ð°"" ""Ġ2013"" ""ĠÐ"" ""³"" ""Ð¾Ð"" ""´"" ""Ð°"" ""."" ""ĠÐ"" ""Ł"" ""ÑĢ"" ""Ðµ"" ""Ð"" ""·"" ""Ð¸"" ""Ð´"" ""Ðµ"" ""Ð½"" ""ÑĤ"" ""ĠÐ"" ""¡"" ""Ð"" ""¨"" ""Ð"" ""Ĳ"" ""ĠÐ"" ""¾"" ""Ð"" ""±"" ""ÑĢ"" ""Ñĥ"" ""Ñ"" ""Ī"" ""Ð¸"" ""Ð»"" ""Ñģ"" ""Ñı"" ""Ġ"" ""Ñģ"" ""Ġ"" ""ÑĢ"" ""Ðµ"" ""Ð"" ""·"" ""Ðº"" ""Ð¾Ð"" ""¹"" ""ĠÐ"" ""º"" ""ÑĢ"" ""Ð¸"" ""ÑĤ"" ""Ð¸"" ""Ðº"" ""Ð¾Ð"" ""¹"" ""ĠÐ"" ""½"" ""Ð°"" ""ĠÐ"" ""¿"" ""ÑĢ"" ""Ð¾Ð"" ""º"" ""Ñĥ"" ""ÑĢ"" ""Ð°"" ""ÑĤ"" ""Ñĥ"" ""ÑĢ"" ""Ñĥ"" ""Ġ"" ""Ñ"" ""Ī"" ""ÑĤ"" ""Ð°"" ""ÑĤ"" ""Ð°"" ""ĠÐ"" ""ľ"" ""Ð°"" ""Ñģ"" ""Ñģ"" ""Ð°"" ""Ñ"" ""ĩ"" ""Ñĥ"" ""Ñģ"" ""Ðµ"" ""ÑĤ"" ""Ñģ"" "","")"
facebook/opt-125m,cs,. Osvobození 13. 5. 2019. Dostupné online [cit. 2019-05-22].,"(""."" ""ĠOs"" ""v"" ""obo"" ""zen"" ""ÃŃ"" ""Ġ13"" ""."" ""Ġ5"" ""."" ""Ġ2019"" ""."" ""ĠD"" ""ost"" ""up"" ""n"" ""Ã©"" ""Ġonline"" ""Ġ["" ""cit"" ""."" ""Ġ2019"" ""-"" ""05"" ""-"" ""22"" ""]."")"
facebook/opt-125m,es,". Según la Agencia Meteorológica Nacional, la provincia espera recibir una cantidad elevada de precipitaciones en las próximas horas. Los expertos en climatología advierten sobre la posibilidad de inundaciones en","(""."" ""ĠSeg"" ""Ãº"" ""n"" ""Ġla"" ""ĠAg"" ""encia"" ""ĠMeteor"" ""ol"" ""Ã³"" ""g"" ""ica"" ""ĠN"" ""ac"" ""ional"" "","" ""Ġla"" ""Ġprov"" ""inc"" ""ia"" ""Ġes"" ""per"" ""a"" ""Ġrec"" ""ib"" ""ir"" ""Ġun"" ""a"" ""Ġcant"" ""idad"" ""Ġelev"" ""ada"" ""Ġde"" ""Ġprecip"" ""it"" ""acion"" ""es"" ""Ġen"" ""Ġlas"" ""Ġpr"" ""Ã³"" ""x"" ""im"" ""as"" ""Ġhor"" ""as"" ""."" ""ĠLos"" ""Ġexpert"" ""os"" ""Ġen"" ""Ġclim"" ""at"" ""olog"" ""ÃŃa"" ""Ġadv"" ""i"" ""ert"" ""en"" ""Ġso"" ""bre"" ""Ġla"" ""Ġpos"" ""ib"" ""il"" ""idad"" ""Ġde"" ""Ġinund"" ""acion"" ""es"" ""Ġen"")"
facebook/opt-125m,nl,"Dat was zijn toen ik tekenfilm zat en gaf aan.Ik wist er vrijdag ook. Je bent dan klaar om tekenen.Dat was niet het gedrag, dat is echt de dood.Vrijdag zijn","(""Dat"" ""Ġwas"" ""Ġz"" ""ijn"" ""Ġto"" ""en"" ""Ġ"" ""ik"" ""Ġte"" ""ken"" ""film"" ""Ġz"" ""at"" ""Ġen"" ""Ġg"" ""af"" ""Ġa"" ""an"" ""."" ""I"" ""k"" ""Ġw"" ""ist"" ""Ġer"" ""Ġv"" ""ri"" ""j"" ""d"" ""ag"" ""Ġo"" ""ok"" ""."" ""ĠJe"" ""Ġbent"" ""Ġdan"" ""Ġk"" ""la"" ""ar"" ""Ġom"" ""Ġte"" ""ken"" ""en"" ""."" ""Dat"" ""Ġwas"" ""Ġn"" ""iet"" ""Ġhe"" ""t"" ""Ġg"" ""ed"" ""rag"" "","" ""Ġdat"" ""Ġis"" ""Ġe"" ""cht"" ""Ġde"" ""Ġdo"" ""od"" ""."" ""V"" ""ri"" ""j"" ""d"" ""ag"" ""Ġz"" ""ijn"")"
facebook/opt-125m,ca,El discurs oficial que d’Alec Martín d’Arriba (IBA) en el Congreso d’Europà va ser un acte de resposta que va provocar desesperació sobre la possibilitat de seguir per asegurar que,"(""El"" ""Ġdisc"" ""urs"" ""Ġof"" ""icial"" ""Ġque"" ""Ġd"" ""âĢ"" ""Ļ"" ""Ale"" ""c"" ""ĠMart"" ""ÃŃn"" ""Ġd"" ""âĢ"" ""Ļ"" ""Ar"" ""rib"" ""a"" ""Ġ("" ""I"" ""BA"" "")"" ""Ġen"" ""Ġel"" ""ĠCong"" ""res"" ""o"" ""Ġd"" ""âĢ"" ""Ļ"" ""Euro"" ""p"" ""Ãł"" ""Ġva"" ""Ġser"" ""Ġun"" ""Ġact"" ""e"" ""Ġde"" ""Ġresp"" ""osta"" ""Ġque"" ""Ġva"" ""Ġprov"" ""oc"" ""ar"" ""Ġdes"" ""es"" ""per"" ""aci"" ""Ã³"" ""Ġso"" ""bre"" ""Ġla"" ""Ġposs"" ""ib"" ""ilit"" ""at"" ""Ġde"" ""Ġse"" ""gu"" ""ir"" ""Ġper"" ""Ġa"" ""se"" ""gur"" ""ar"" ""Ġque"")"
facebook/opt-2.7b,de,"Der Ausbruch des Coronavirus hat die Entwicklung eines Impfstoffs zur Eindämmung der Pandemie dringlich gemacht. In den letzten Monaten wurden verschiedene Tests durchgeführt, um zu verstehen, wie der menschliche Körper","(""Der"" ""ĠAus"" ""b"" ""ru"" ""ch"" ""Ġdes"" ""ĠCor"" ""on"" ""av"" ""irus"" ""Ġhat"" ""Ġdie"" ""ĠEnt"" ""wick"" ""l"" ""ung"" ""Ġe"" ""ines"" ""ĠImp"" ""f"" ""st"" ""offs"" ""Ġz"" ""ur"" ""ĠE"" ""ind"" ""Ã¤"" ""mm"" ""ung"" ""Ġder"" ""ĠPand"" ""em"" ""ie"" ""Ġdr"" ""ing"" ""lich"" ""Ġgem"" ""acht"" ""."" ""ĠIn"" ""Ġden"" ""Ġlet"" ""z"" ""ten"" ""ĠMon"" ""aten"" ""Ġw"" ""urden"" ""Ġvers"" ""ch"" ""ied"" ""ene"" ""ĠTests"" ""Ġd"" ""urch"" ""ge"" ""f"" ""Ã¼"" ""hr"" ""t"" "","" ""Ġum"" ""Ġz"" ""u"" ""Ġver"" ""ste"" ""hen"" "","" ""Ġw"" ""ie"" ""Ġder"" ""Ġm"" ""ens"" ""ch"" ""lic"" ""he"" ""ĠK"" ""Ã¶r"" ""per"")"
facebook/opt-2.7b,en,Alex Azar was officially sworn in as the U.S. Secretary of Health and Human Services (HHS) today. President Donald Trump administered the oath in a private ceremony at the White,"(""Alex"" ""ĠAz"" ""ar"" ""Ġwas"" ""Ġofficially"" ""Ġsworn"" ""Ġin"" ""Ġas"" ""Ġthe"" ""ĠU"" ""."" ""S"" ""."" ""ĠSecretary"" ""Ġof"" ""ĠHealth"" ""Ġand"" ""ĠHuman"" ""ĠServices"" ""Ġ("" ""H"" ""HS"" "")"" ""Ġtoday"" ""."" ""ĠPresident"" ""ĠDonald"" ""ĠTrump"" ""Ġadministered"" ""Ġthe"" ""Ġoath"" ""Ġin"" ""Ġa"" ""Ġprivate"" ""Ġceremony"" ""Ġat"" ""Ġthe"" ""ĠWhite"")"
facebook/opt-2.7b,uk,"Європейський союз вимагає зупинити розтрату коштів Фонду боротьби з коронавірусом на цілі, що не пов'язані з протидією пандемії. Згідно з повідомленням ""Євросолідарності"", було виявлено випадки використання коштів на інші потреби,","(""Ð"" ""Ħ"" ""Ð²"" ""ÑĢ"" ""Ð¾Ð"" ""¿"" ""Ðµ"" ""Ð"" ""¹"" ""Ñģ"" ""ÑĮ"" ""Ðº"" ""Ð¸"" ""Ð"" ""¹"" ""Ġ"" ""Ñģ"" ""Ð¾"" ""Ñ"" ""İ"" ""Ð"" ""·"" ""ĠÐ"" ""²"" ""Ð¸"" ""Ð¼"" ""Ð°"" ""Ð"" ""³"" ""Ð°"" ""Ñ"" ""Ķ"" ""ĠÐ"" ""·"" ""Ñĥ"" ""Ð"" ""¿"" ""Ð¸"" ""Ð½"" ""Ð¸"" ""ÑĤ"" ""Ð¸"" ""Ġ"" ""ÑĢ"" ""Ð¾Ð"" ""·"" ""ÑĤ"" ""ÑĢ"" ""Ð°"" ""ÑĤ"" ""Ñĥ"" ""ĠÐ"" ""º"" ""Ð¾"" ""Ñ"" ""Ī"" ""ÑĤ"" ""Ñ"" ""ĸ"" ""Ð²"" ""ĠÐ"" ""¤"" ""Ð¾"" ""Ð½"" ""Ð´"" ""Ñĥ"" ""ĠÐ"" ""±"" ""Ð¾"" ""ÑĢ"" ""Ð¾"" ""ÑĤ"" ""ÑĮ"" ""Ð"" ""±"" ""Ð¸"" ""ĠÐ"" ""·"" ""ĠÐ"" ""º"" ""Ð¾"" ""ÑĢ"" ""Ð¾"" ""Ð½"" ""Ð°"" ""Ð²"" ""Ñ"" ""ĸ"" ""ÑĢ"" ""Ñĥ"" ""Ñģ"" ""Ð¾Ð"" ""¼"" ""ĠÐ"" ""½"" ""Ð°"" ""Ġ"" ""Ñ"" ""Ĩ"" ""Ñ"" ""ĸ"" ""Ð»"" ""Ñ"" ""ĸ"" "","" ""Ġ"" ""Ñ"" ""ī"" ""Ð¾"" ""ĠÐ"" ""½"" ""Ðµ"" ""ĠÐ"" ""¿"" ""Ð¾Ð"" ""²"" ""'"" ""Ñı"" ""Ð"" ""·"" ""Ð°"" ""Ð½"" ""Ñ"" ""ĸ"" ""ĠÐ"" ""·"" ""ĠÐ"" ""¿"" ""ÑĢ"" ""Ð¾"" ""ÑĤ"" ""Ð¸"" ""Ð´"" ""Ñ"" ""ĸ"" ""Ñ"" ""Ķ"" ""Ñ"" ""İ"" ""ĠÐ"" ""¿"" ""Ð°"" ""Ð½"" ""Ð´"" ""Ðµ"" ""Ð¼"" ""Ñ"" ""ĸ"" ""Ñ"" ""Ĺ"" ""."" ""ĠÐ"" ""Ĺ"" ""Ð"" ""³"" ""Ñ"" ""ĸ"" ""Ð´"" ""Ð½"" ""Ð¾"" ""ĠÐ"" ""·"" ""ĠÐ"" ""¿"" ""Ð¾Ð"" ""²"" ""Ñ"" ""ĸ"" ""Ð´"" ""Ð¾Ð"" ""¼"" ""Ð»"" ""Ðµ"" ""Ð½"" ""Ð½"" ""Ñı"" ""Ð¼"" ""Ġ"""" ""Ð"" ""Ħ"" ""Ð²"" ""ÑĢ"" ""Ð¾"" ""Ñģ"" ""Ð¾Ð"" ""»"" ""Ñ"" ""ĸ"" ""Ð´"" ""Ð°"" ""ÑĢ"" ""Ð½"" ""Ð¾"" ""Ñģ"" ""ÑĤ"" ""Ñ"" ""ĸ"" """","" ""ĠÐ"" ""±"" ""Ñĥ"" ""Ð»"" ""Ð¾"" ""ĠÐ"" ""²"" ""Ð¸"" ""Ñı"" ""Ð²"" ""Ð»"" ""Ðµ"" ""Ð½"" ""Ð¾"" ""ĠÐ"" ""²"" ""Ð¸"" ""Ð"" ""¿"" ""Ð°"" ""Ð´"" ""Ðº"" ""Ð¸"" ""ĠÐ"" ""²"" ""Ð¸"" ""Ðº"" ""Ð¾"" ""ÑĢ"" ""Ð¸"" ""Ñģ"" ""ÑĤ"" ""Ð°"" ""Ð½"" ""Ð½"" ""Ñı"" ""ĠÐ"" ""º"" ""Ð¾"" ""Ñ"" ""Ī"" ""ÑĤ"" ""Ñ"" ""ĸ"" ""Ð²"" ""ĠÐ"" ""½"" ""Ð°"" ""Ġ"" ""Ñ"" ""ĸ"" ""Ð½"" ""Ñ"" ""Ī"" ""Ñ"" ""ĸ"" ""ĠÐ"" ""¿"" ""Ð¾"" ""ÑĤ"" ""ÑĢ"" ""Ðµ"" ""Ð"" ""±"" ""Ð¸"" "","")"
facebook/opt-2.7b,zh,美国推出的2015年301名单表明，它将继续将中国列入美国贸易伙伴重点观察对象。,"(""ç"" ""¾"" ""İ"" ""åĽ"" ""½"" ""æ"" ""İ"" ""¨"" ""åĩ"" ""º"" ""çļĦ"" ""2015"" ""å¹"" ""´"" ""301"" ""åĲ"" ""į"" ""åį"" ""ķ"" ""è¡"" ""¨"" ""æĺ"" ""İ"" ""ï"" ""¼"" ""Į"" ""å®"" ""ĥ"" ""å°Ĩ"" ""ç"" ""»"" ""§"" ""ç"" ""»"" ""Ń"" ""å°Ĩ"" ""ä¸Ń"" ""åĽ"" ""½"" ""åĪ"" ""Ĺ"" ""åħ"" ""¥"" ""ç"" ""¾"" ""İ"" ""åĽ"" ""½"" ""è"" ""´"" ""¸"" ""æĺ"" ""ĵ"" ""ä¼"" ""Ļ"" ""ä¼"" ""´"" ""éĩ"" ""į"" ""ç"" ""Ĥ"" ""¹"" ""è"" ""§"" ""Ĥ"" ""å¯"" ""Ł"" ""å¯"" ""¹"" ""è"" ""±"" ""¡"" ""ãĢĤ"")"
facebook/opt-2.7b,ar,قال المسؤول المسؤول للمنافذ الحدودية أنه ينتظر أن يتفق الشركاء العرب على تشكيل قوة عربية متكاملة ومناسبة لتغطية ارتكاب خطوات إستخدامية أو حيرة على المنافذ الحدودية أو مسافريها، أما ما,"(""Ù"" ""Ĥ"" ""Ø§ÙĦ"" ""ĠØ§ÙĦ"" ""Ùħ"" ""Ø³"" ""Ø"" ""¤"" ""ÙĪ"" ""ÙĦ"" ""ĠØ§ÙĦ"" ""Ùħ"" ""Ø³"" ""Ø"" ""¤"" ""ÙĪ"" ""ÙĦ"" ""Ġ"" ""ÙĦ"" ""ÙĦ"" ""Ùħ"" ""ÙĨ"" ""Ø§"" ""Ù"" ""ģ"" ""Ø"" ""°"" ""ĠØ§ÙĦ"" ""Ø"" ""Ń"" ""Ø¯"" ""ÙĪ"" ""Ø¯"" ""ÙĬ"" ""Ø©"" ""ĠØ"" ""£"" ""ÙĨ"" ""Ùĩ"" ""ĠÙ"" ""Ĭ"" ""ÙĨ"" ""Øª"" ""Ø"" ""¸"" ""Ø±"" ""ĠØ"" ""£"" ""ÙĨ"" ""ĠÙ"" ""Ĭ"" ""Øª"" ""Ù"" ""ģ"" ""Ù"" ""Ĥ"" ""ĠØ§ÙĦ"" ""Ø"" ""´"" ""Ø±"" ""Ù"" ""ĥ"" ""Ø§Ø"" ""¡"" ""ĠØ§ÙĦ"" ""Ø¹"" ""Ø±"" ""Ø¨"" ""ĠØ"" ""¹"" ""ÙĦ"" ""Ù"" ""ī"" ""ĠØ"" ""ª"" ""Ø"" ""´"" ""Ù"" ""ĥ"" ""ÙĬ"" ""ÙĦ"" ""ĠÙ"" ""Ĥ"" ""ÙĪ"" ""Ø©"" ""ĠØ"" ""¹"" ""Ø±"" ""Ø¨"" ""ÙĬ"" ""Ø©"" ""ĠÙħ"" ""Øª"" ""Ù"" ""ĥ"" ""Ø§"" ""Ùħ"" ""ÙĦ"" ""Ø©"" ""ĠÙĪ"" ""Ùħ"" ""ÙĨ"" ""Ø§Ø"" ""³"" ""Ø¨"" ""Ø©"" ""Ġ"" ""ÙĦ"" ""Øª"" ""Ø"" ""º"" ""Ø"" ""·"" ""ÙĬ"" ""Ø©"" ""Ġ"" ""Ø§"" ""Ø±"" ""Øª"" ""Ù"" ""ĥ"" ""Ø§Ø"" ""¨"" ""ĠØ"" ""®"" ""Ø"" ""·"" ""ÙĪ"" ""Ø§Ø"" ""ª"" ""ĠØ"" ""¥"" ""Ø³"" ""Øª"" ""Ø"" ""®"" ""Ø¯"" ""Ø§"" ""Ùħ"" ""ÙĬ"" ""Ø©"" ""ĠØ"" ""£"" ""ÙĪ"" ""ĠØ"" ""Ń"" ""ÙĬ"" ""Ø±"" ""Ø©"" ""ĠØ"" ""¹"" ""ÙĦ"" ""Ù"" ""ī"" ""ĠØ§ÙĦ"" ""Ùħ"" ""ÙĨ"" ""Ø§"" ""Ù"" ""ģ"" ""Ø"" ""°"" ""ĠØ§ÙĦ"" ""Ø"" ""Ń"" ""Ø¯"" ""ÙĪ"" ""Ø¯"" ""ÙĬ"" ""Ø©"" ""ĠØ"" ""£"" ""ÙĪ"" ""ĠÙħ"" ""Ø³"" ""Ø§"" ""Ù"" ""ģ"" ""Ø±"" ""ÙĬ"" ""Ùĩ"" ""Ø§"" ""Ø"" ""Į"" ""ĠØ"" ""£"" ""Ùħ"" ""Ø§"" ""ĠÙħ"" ""Ø§"")"
facebook/opt-2.7b,pt,"Pesquisa apoia a posição do Primeiro-Ministro David Cameron.Nove em cada 10 dos principais economistas da Grã-Bretanha, que actuam no distrito financeiro de Londres, na academia e em pequenas empresas, acreditam","(""P"" ""es"" ""qu"" ""isa"" ""Ġap"" ""o"" ""ia"" ""Ġa"" ""Ġpos"" ""i"" ""Ã§"" ""Ã£o"" ""Ġdo"" ""ĠPrime"" ""iro"" ""-"" ""Min"" ""ist"" ""ro"" ""ĠDavid"" ""ĠCameron"" ""."" ""N"" ""ove"" ""Ġem"" ""Ġc"" ""ada"" ""Ġ10"" ""Ġdos"" ""Ġprincip"" ""ais"" ""Ġeconomist"" ""as"" ""Ġda"" ""ĠGr"" ""Ã£"" ""-"" ""B"" ""ret"" ""an"" ""ha"" "","" ""Ġque"" ""Ġactu"" ""am"" ""Ġno"" ""Ġdist"" ""rito"" ""Ġfinance"" ""iro"" ""Ġde"" ""ĠL"" ""ond"" ""res"" "","" ""Ġna"" ""Ġacademia"" ""Ġe"" ""Ġem"" ""Ġpe"" ""qu"" ""en"" ""as"" ""Ġem"" ""pres"" ""as"" "","" ""Ġac"" ""redit"" ""am"")"
facebook/opt-2.7b,ru,"Дональд , который был приговорён к смертной казни за организацию и осуществление двух терактов на финише Бостонского марафона 2013 года. Президент США обрушился с резкой критикой на прокуратуру штата Массачусетс,","(""Ð"" ""Ķ"" ""Ð¾"" ""Ð½"" ""Ð°"" ""Ð»"" ""ÑĮ"" ""Ð´"" ""Ġ,"" ""ĠÐ"" ""º"" ""Ð¾"" ""ÑĤ"" ""Ð¾"" ""ÑĢ"" ""Ñĭ"" ""Ð"" ""¹"" ""ĠÐ"" ""±"" ""Ñĭ"" ""Ð»"" ""ĠÐ"" ""¿"" ""ÑĢ"" ""Ð¸"" ""Ð"" ""³"" ""Ð¾Ð"" ""²"" ""Ð¾"" ""ÑĢ"" ""Ñ"" ""ĳ"" ""Ð½"" ""ĠÐ"" ""º"" ""Ġ"" ""Ñģ"" ""Ð¼"" ""Ðµ"" ""ÑĢ"" ""ÑĤ"" ""Ð½"" ""Ð¾Ð"" ""¹"" ""ĠÐ"" ""º"" ""Ð°"" ""Ð"" ""·"" ""Ð½"" ""Ð¸"" ""ĠÐ"" ""·"" ""Ð°"" ""ĠÐ"" ""¾"" ""ÑĢ"" ""Ð"" ""³"" ""Ð°"" ""Ð½"" ""Ð¸"" ""Ð"" ""·"" ""Ð°"" ""Ñ"" ""Ĩ"" ""Ð¸"" ""Ñ"" ""İ"" ""ĠÐ"" ""¸"" ""ĠÐ"" ""¾"" ""Ñģ"" ""Ñĥ"" ""Ñ"" ""ī"" ""Ðµ"" ""Ñģ"" ""ÑĤ"" ""Ð²"" ""Ð»"" ""Ðµ"" ""Ð½"" ""Ð¸"" ""Ðµ"" ""ĠÐ"" ""´"" ""Ð²"" ""Ñĥ"" ""Ñ"" ""ħ"" ""Ġ"" ""ÑĤ"" ""Ðµ"" ""ÑĢ"" ""Ð°"" ""Ðº"" ""ÑĤ"" ""Ð¾Ð"" ""²"" ""ĠÐ"" ""½"" ""Ð°"" ""Ġ"" ""Ñ"" ""Ħ"" ""Ð¸"" ""Ð½"" ""Ð¸"" ""Ñ"" ""Ī"" ""Ðµ"" ""ĠÐ"" ""ĳ"" ""Ð¾"" ""Ñģ"" ""ÑĤ"" ""Ð¾"" ""Ð½"" ""Ñģ"" ""Ðº"" ""Ð¾Ð"" ""³"" ""Ð¾"" ""ĠÐ"" ""¼"" ""Ð°"" ""ÑĢ"" ""Ð°"" ""Ñ"" ""Ħ"" ""Ð¾"" ""Ð½"" ""Ð°"" ""Ġ2013"" ""ĠÐ"" ""³"" ""Ð¾Ð"" ""´"" ""Ð°"" ""."" ""ĠÐ"" ""Ł"" ""ÑĢ"" ""Ðµ"" ""Ð"" ""·"" ""Ð¸"" ""Ð´"" ""Ðµ"" ""Ð½"" ""ÑĤ"" ""ĠÐ"" ""¡"" ""Ð"" ""¨"" ""Ð"" ""Ĳ"" ""ĠÐ"" ""¾"" ""Ð"" ""±"" ""ÑĢ"" ""Ñĥ"" ""Ñ"" ""Ī"" ""Ð¸"" ""Ð»"" ""Ñģ"" ""Ñı"" ""Ġ"" ""Ñģ"" ""Ġ"" ""ÑĢ"" ""Ðµ"" ""Ð"" ""·"" ""Ðº"" ""Ð¾Ð"" ""¹"" ""ĠÐ"" ""º"" ""ÑĢ"" ""Ð¸"" ""ÑĤ"" ""Ð¸"" ""Ðº"" ""Ð¾Ð"" ""¹"" ""ĠÐ"" ""½"" ""Ð°"" ""ĠÐ"" ""¿"" ""ÑĢ"" ""Ð¾Ð"" ""º"" ""Ñĥ"" ""ÑĢ"" ""Ð°"" ""ÑĤ"" ""Ñĥ"" ""ÑĢ"" ""Ñĥ"" ""Ġ"" ""Ñ"" ""Ī"" ""ÑĤ"" ""Ð°"" ""ÑĤ"" ""Ð°"" ""ĠÐ"" ""ľ"" ""Ð°"" ""Ñģ"" ""Ñģ"" ""Ð°"" ""Ñ"" ""ĩ"" ""Ñĥ"" ""Ñģ"" ""Ðµ"" ""ÑĤ"" ""Ñģ"" "","")"
facebook/opt-2.7b,cs,. Osvobození 13. 5. 2019. Dostupné online [cit. 2019-05-22].,"(""."" ""ĠOs"" ""v"" ""obo"" ""zen"" ""ÃŃ"" ""Ġ13"" ""."" ""Ġ5"" ""."" ""Ġ2019"" ""."" ""ĠD"" ""ost"" ""up"" ""n"" ""Ã©"" ""Ġonline"" ""Ġ["" ""cit"" ""."" ""Ġ2019"" ""-"" ""05"" ""-"" ""22"" ""]."")"
facebook/opt-2.7b,es,". Según la Agencia Meteorológica Nacional, la provincia espera recibir una cantidad elevada de precipitaciones en las próximas horas. Los expertos en climatología advierten sobre la posibilidad de inundaciones en","(""."" ""ĠSeg"" ""Ãº"" ""n"" ""Ġla"" ""ĠAg"" ""encia"" ""ĠMeteor"" ""ol"" ""Ã³"" ""g"" ""ica"" ""ĠN"" ""ac"" ""ional"" "","" ""Ġla"" ""Ġprov"" ""inc"" ""ia"" ""Ġes"" ""per"" ""a"" ""Ġrec"" ""ib"" ""ir"" ""Ġun"" ""a"" ""Ġcant"" ""idad"" ""Ġelev"" ""ada"" ""Ġde"" ""Ġprecip"" ""it"" ""acion"" ""es"" ""Ġen"" ""Ġlas"" ""Ġpr"" ""Ã³"" ""x"" ""im"" ""as"" ""Ġhor"" ""as"" ""."" ""ĠLos"" ""Ġexpert"" ""os"" ""Ġen"" ""Ġclim"" ""at"" ""olog"" ""ÃŃa"" ""Ġadv"" ""i"" ""ert"" ""en"" ""Ġso"" ""bre"" ""Ġla"" ""Ġpos"" ""ib"" ""il"" ""idad"" ""Ġde"" ""Ġinund"" ""acion"" ""es"" ""Ġen"")"
facebook/opt-2.7b,nl,"Dat was zijn toen ik tekenfilm zat en gaf aan.Ik wist er vrijdag ook. Je bent dan klaar om tekenen.Dat was niet het gedrag, dat is echt de dood.Vrijdag zijn","(""Dat"" ""Ġwas"" ""Ġz"" ""ijn"" ""Ġto"" ""en"" ""Ġ"" ""ik"" ""Ġte"" ""ken"" ""film"" ""Ġz"" ""at"" ""Ġen"" ""Ġg"" ""af"" ""Ġa"" ""an"" ""."" ""I"" ""k"" ""Ġw"" ""ist"" ""Ġer"" ""Ġv"" ""ri"" ""j"" ""d"" ""ag"" ""Ġo"" ""ok"" ""."" ""ĠJe"" ""Ġbent"" ""Ġdan"" ""Ġk"" ""la"" ""ar"" ""Ġom"" ""Ġte"" ""ken"" ""en"" ""."" ""Dat"" ""Ġwas"" ""Ġn"" ""iet"" ""Ġhe"" ""t"" ""Ġg"" ""ed"" ""rag"" "","" ""Ġdat"" ""Ġis"" ""Ġe"" ""cht"" ""Ġde"" ""Ġdo"" ""od"" ""."" ""V"" ""ri"" ""j"" ""d"" ""ag"" ""Ġz"" ""ijn"")"
facebook/opt-2.7b,ca,El discurs oficial que d’Alec Martín d’Arriba (IBA) en el Congreso d’Europà va ser un acte de resposta que va provocar desesperació sobre la possibilitat de seguir per asegurar que,"(""El"" ""Ġdisc"" ""urs"" ""Ġof"" ""icial"" ""Ġque"" ""Ġd"" ""âĢ"" ""Ļ"" ""Ale"" ""c"" ""ĠMart"" ""ÃŃn"" ""Ġd"" ""âĢ"" ""Ļ"" ""Ar"" ""rib"" ""a"" ""Ġ("" ""I"" ""BA"" "")"" ""Ġen"" ""Ġel"" ""ĠCong"" ""res"" ""o"" ""Ġd"" ""âĢ"" ""Ļ"" ""Euro"" ""p"" ""Ãł"" ""Ġva"" ""Ġser"" ""Ġun"" ""Ġact"" ""e"" ""Ġde"" ""Ġresp"" ""osta"" ""Ġque"" ""Ġva"" ""Ġprov"" ""oc"" ""ar"" ""Ġdes"" ""es"" ""per"" ""aci"" ""Ã³"" ""Ġso"" ""bre"" ""Ġla"" ""Ġposs"" ""ib"" ""ilit"" ""at"" ""Ġde"" ""Ġse"" ""gu"" ""ir"" ""Ġper"" ""Ġa"" ""se"" ""gur"" ""ar"" ""Ġque"")"
meta-llama/Llama-3.2-3B,de,"Der Ausbruch des Coronavirus hat die Entwicklung eines Impfstoffs zur Eindämmung der Pandemie dringlich gemacht. In den letzten Monaten wurden verschiedene Tests durchgeführt, um zu verstehen, wie der menschliche Körper","(""Der"" ""ĠAus"" ""br"" ""uch"" ""Ġdes"" ""ĠCoronavirus"" ""Ġhat"" ""Ġdie"" ""ĠEntwicklung"" ""Ġeines"" ""ĠImp"" ""fst"" ""offs"" ""Ġzur"" ""ĠE"" ""ind"" ""Ã¤"" ""mm"" ""ung"" ""Ġder"" ""ĠPand"" ""emie"" ""Ġdr"" ""ing"" ""lich"" ""Ġgemacht"" ""."" ""ĠIn"" ""Ġden"" ""Ġletzten"" ""ĠMon"" ""aten"" ""Ġwurden"" ""Ġverschiedene"" ""ĠTests"" ""Ġdurch"" ""ge"" ""fÃ¼hrt"" "","" ""Ġum"" ""Ġzu"" ""Ġverst"" ""ehen"" "","" ""Ġwie"" ""Ġder"" ""Ġmens"" ""ch"" ""liche"" ""ĠK"" ""Ã¶rper"")"
meta-llama/Llama-3.2-3B,en,Alex Azar was officially sworn in as the U.S. Secretary of Health and Human Services (HHS) today. President Donald Trump administered the oath in a private ceremony at the White,"(""Alex"" ""ĠAz"" ""ar"" ""Ġwas"" ""Ġofficially"" ""Ġsworn"" ""Ġin"" ""Ġas"" ""Ġthe"" ""ĠU"" "".S"" ""."" ""ĠSecretary"" ""Ġof"" ""ĠHealth"" ""Ġand"" ""ĠHuman"" ""ĠServices"" ""Ġ("" ""H"" ""HS"" "")"" ""Ġtoday"" ""."" ""ĠPresident"" ""ĠDonald"" ""ĠTrump"" ""Ġadministered"" ""Ġthe"" ""Ġoath"" ""Ġin"" ""Ġa"" ""Ġprivate"" ""Ġceremony"" ""Ġat"" ""Ġthe"" ""ĠWhite"")"
meta-llama/Llama-3.2-3B,uk,"Європейський союз вимагає зупинити розтрату коштів Фонду боротьби з коронавірусом на цілі, що не пов'язані з протидією пандемії. Згідно з повідомленням ""Євросолідарності"", було виявлено випадки використання коштів на інші потреби,","(""ÐĦ"" ""Ð²ÑĢÐ¾Ð¿ÐµÐ¹"" ""ÑģÑĮÐºÐ¸Ð¹"" ""ĠÑģÐ¾"" ""Ñİ"" ""Ð·"" ""ĠÐ²Ð¸Ð¼"" ""Ð°Ð³"" ""Ð°ÑĶ"" ""ĠÐ·ÑĥÐ¿"" ""Ð¸Ð½"" ""Ð¸ÑĤÐ¸"" ""ĠÑĢÐ¾Ð·"" ""ÑĤ"" ""ÑĢÐ°ÑĤ"" ""Ñĥ"" ""ĠÐºÐ¾ÑĪÑĤÑĸÐ²"" ""ĠÐ¤"" ""Ð¾Ð½"" ""Ð´Ñĥ"" ""ĠÐ±Ð¾ÑĢÐ¾ÑĤÑĮ"" ""Ð±Ð¸"" ""ĠÐ·"" ""ĠÐºÐ¾ÑĢ"" ""Ð¾Ð½"" ""Ð°Ð²"" ""Ñĸ"" ""ÑĢÑĥÑģ"" ""Ð¾Ð¼"" ""ĠÐ½Ð°"" ""ĠÑĨÑĸ"" ""Ð»Ñĸ"" "","" ""ĠÑīÐ¾"" ""ĠÐ½Ðµ"" ""ĠÐ¿Ð¾Ð²"" ""'ÑıÐ·"" ""Ð°Ð½Ñĸ"" ""ĠÐ·"" ""ĠÐ¿ÑĢÐ¾ÑĤ"" ""Ð¸Ð´"" ""ÑĸÑĶÑİ"" ""ĠÐ¿"" ""Ð°Ð½Ð´"" ""ÐµÐ¼"" ""ÑĸÑĹ"" ""."" ""ĠÐĹ"" ""Ð³"" ""ÑĸÐ´Ð½Ð¾"" ""ĠÐ·"" ""ĠÐ¿Ð¾Ð²ÑĸÐ´Ð¾Ð¼"" ""Ð»ÐµÐ½Ð½Ñı"" ""Ð¼"" ""Ġ"""" ""ÐĦ"" ""Ð²"" ""ÑĢÐ¾Ñģ"" ""Ð¾Ð»"" ""ÑĸÐ´"" ""Ð°ÑĢ"" ""Ð½Ð¾ÑģÑĤÑĸ"" """","" ""ĠÐ±ÑĥÐ»Ð¾"" ""ĠÐ²"" ""Ð¸Ñı"" ""Ð²"" ""Ð»ÐµÐ½Ð¾"" ""ĠÐ²Ð¸Ð¿Ð°Ð´"" ""ÐºÐ¸"" ""ĠÐ²Ð¸ÐºÐ¾ÑĢÐ¸ÑģÑĤÐ°Ð½Ð½Ñı"" ""ĠÐºÐ¾ÑĪÑĤÑĸÐ²"" ""ĠÐ½Ð°"" ""ĠÑĸÐ½ÑĪÑĸ"" ""ĠÐ¿Ð¾ÑĤÑĢÐµÐ±"" ""Ð¸"" "","")"
meta-llama/Llama-3.2-3B,zh,美国推出的2015年301名单表明，它将继续将中国列入美国贸易伙伴重点观察对象。,"(""ç¾İåĽ½"" ""æİ¨"" ""åĩºçļĦ"" ""201"" ""5"" ""å¹´"" ""301"" ""åĲį"" ""åįķ"" ""è¡¨"" ""æĺİ"" ""ï¼Įå®ĥ"" ""å°Ĩ"" ""ç»§ç»Ń"" ""å°Ĩ"" ""ä¸ŃåĽ½"" ""åĪĹ"" ""åħ¥"" ""ç¾İåĽ½"" ""è´¸"" ""æĺĵ"" ""ä¼Ļ"" ""ä¼´"" ""éĩįçĤ¹"" ""è§Ĥ"" ""å¯Ł"" ""å¯¹è±¡"" ""ãĢĤ"")"
meta-llama/Llama-3.2-3B,ar,قال المسؤول المسؤول للمنافذ الحدودية أنه ينتظر أن يتفق الشركاء العرب على تشكيل قوة عربية متكاملة ومناسبة لتغطية ارتكاب خطوات إستخدامية أو حيرة على المنافذ الحدودية أو مسافريها، أما ما,"(""ÙĤØ§ÙĦ"" ""ĠØ§ÙĦÙħØ³"" ""Ø¤ÙĪÙĦ"" ""ĠØ§ÙĦÙħØ³"" ""Ø¤ÙĪÙĦ"" ""ĠÙĦÙĦÙħ"" ""ÙĨ"" ""Ø§Ùģ"" ""Ø°"" ""ĠØ§ÙĦØŃ"" ""Ø¯ÙĪØ¯"" ""ÙĬØ©"" ""ĠØ£ÙĨÙĩ"" ""ĠÙĬ"" ""ÙĨØª"" ""Ø¸Ø±"" ""ĠØ£ÙĨ"" ""ĠÙĬ"" ""ØªÙģ"" ""ÙĤ"" ""ĠØ§ÙĦØ´Ø±"" ""Ùĥ"" ""Ø§Ø¡"" ""ĠØ§ÙĦØ¹Ø±Ø¨"" ""ĠØ¹ÙĦÙī"" ""ĠØªØ´"" ""ÙĥÙĬÙĦ"" ""ĠÙĤ"" ""ÙĪØ©"" ""ĠØ¹Ø±Ø¨"" ""ÙĬØ©"" ""ĠÙħØª"" ""ÙĥØ§Ùħ"" ""ÙĦØ©"" ""ĠÙĪÙħÙĨ"" ""Ø§Ø³"" ""Ø¨Ø©"" ""ĠÙĦØª"" ""ØºØ·"" ""ÙĬØ©"" ""ĠØ§Ø±"" ""ØªÙĥ"" ""Ø§Ø¨"" ""ĠØ®Ø·"" ""ÙĪØ§Øª"" ""ĠØ¥"" ""Ø³Øª"" ""Ø®Ø¯Ø§Ùħ"" ""ÙĬØ©"" ""ĠØ£ÙĪ"" ""ĠØŃ"" ""ÙĬØ±Ø©"" ""ĠØ¹ÙĦÙī"" ""ĠØ§ÙĦÙħÙĨ"" ""Ø§Ùģ"" ""Ø°"" ""ĠØ§ÙĦØŃ"" ""Ø¯ÙĪØ¯"" ""ÙĬØ©"" ""ĠØ£ÙĪ"" ""ĠÙħØ³"" ""Ø§Ùģ"" ""Ø±ÙĬ"" ""ÙĩØ§"" ""ØĮ"" ""ĠØ£ÙħØ§"" ""ĠÙħØ§"")"
meta-llama/Llama-3.2-3B,pt,"Pesquisa apoia a posição do Primeiro-Ministro David Cameron.Nove em cada 10 dos principais economistas da Grã-Bretanha, que actuam no distrito financeiro de Londres, na academia e em pequenas empresas, acreditam","(""Pes"" ""quisa"" ""Ġapo"" ""ia"" ""Ġa"" ""ĠposiÃ§Ã£o"" ""Ġdo"" ""ĠPrime"" ""iro"" ""-M"" ""in"" ""istro"" ""ĠDavid"" ""ĠCameron"" "".N"" ""ove"" ""Ġem"" ""Ġcada"" ""Ġ"" ""10"" ""Ġdos"" ""Ġprincip"" ""ais"" ""Ġeconom"" ""istas"" ""Ġda"" ""ĠGr"" ""Ã£"" ""-B"" ""ret"" ""an"" ""ha"" "","" ""Ġque"" ""Ġactu"" ""am"" ""Ġno"" ""Ġdist"" ""rito"" ""Ġfinance"" ""iro"" ""Ġde"" ""ĠLond"" ""res"" "","" ""Ġna"" ""Ġacademia"" ""Ġe"" ""Ġem"" ""Ġpequ"" ""enas"" ""Ġempresas"" "","" ""Ġa"" ""credit"" ""am"")"
meta-llama/Llama-3.2-3B,ru,"Дональд , который был приговорён к смертной казни за организацию и осуществление двух терактов на финише Бостонского марафона 2013 года. Президент США обрушился с резкой критикой на прокуратуру штата Массачусетс,","(""ÐĶ"" ""Ð¾Ð½Ð°Ð»ÑĮ"" ""Ð´"" ""Ġ,"" ""ĠÐºÐ¾ÑĤÐ¾ÑĢÑĭÐ¹"" ""ĠÐ±ÑĭÐ»"" ""ĠÐ¿ÑĢÐ¸"" ""Ð³Ð¾Ð²Ð¾ÑĢ"" ""ÑĳÐ½"" ""ĠÐº"" ""ĠÑģÐ¼ÐµÑĢ"" ""ÑĤ"" ""Ð½Ð¾Ð¹"" ""ĠÐºÐ°Ð·"" ""Ð½Ð¸"" ""ĠÐ·Ð°"" ""ĠÐ¾ÑĢÐ³Ð°Ð½Ð¸Ð·"" ""Ð°ÑĨÐ¸"" ""Ñİ"" ""ĠÐ¸"" ""ĠÐ¾ÑģÑĥÑīÐµÑģÑĤÐ²"" ""Ð»ÐµÐ½Ð¸Ðµ"" ""ĠÐ´Ð²ÑĥÑħ"" ""ĠÑĤÐµÑĢ"" ""Ð°Ðº"" ""ÑĤÐ¾Ð²"" ""ĠÐ½Ð°"" ""ĠÑĦ"" ""Ð¸Ð½Ð¸"" ""ÑĪÐµ"" ""ĠÐĳ"" ""Ð¾ÑģÑĤ"" ""Ð¾Ð½"" ""ÑģÐºÐ¾Ð³Ð¾"" ""ĠÐ¼"" ""Ð°ÑĢÐ°"" ""ÑĦ"" ""Ð¾Ð½Ð°"" ""Ġ"" ""201"" ""3"" ""ĠÐ³Ð¾Ð´Ð°"" ""."" ""ĠÐŁÑĢÐµÐ·"" ""Ð¸Ð´ÐµÐ½ÑĤ"" ""ĠÐ¡Ð¨ÐĲ"" ""ĠÐ¾Ð±"" ""ÑĢÑĥ"" ""ÑĪÐ¸"" ""Ð»ÑģÑı"" ""ĠÑģ"" ""ĠÑĢÐµÐ·"" ""ÐºÐ¾Ð¹"" ""ĠÐºÑĢÐ¸ÑĤ"" ""Ð¸Ðº"" ""Ð¾Ð¹"" ""ĠÐ½Ð°"" ""ĠÐ¿ÑĢÐ¾Ðº"" ""ÑĥÑĢ"" ""Ð°ÑĤÑĥ"" ""ÑĢÑĥ"" ""ĠÑĪÑĤ"" ""Ð°ÑĤÐ°"" ""ĠÐľ"" ""Ð°ÑģÑģ"" ""Ð°Ñĩ"" ""ÑĥÑģ"" ""ÐµÑĤ"" ""Ñģ"" "","")"
meta-llama/Llama-3.2-3B,cs,. Osvobození 13. 5. 2019. Dostupné online [cit. 2019-05-22].,"(""."" ""ĠO"" ""sv"" ""obo"" ""zenÃŃ"" ""Ġ"" ""13"" ""."" ""Ġ"" ""5"" ""."" ""Ġ"" ""201"" ""9"" ""."" ""ĠDost"" ""up"" ""nÃ©"" ""Ġonline"" ""Ġ["" ""cit"" ""."" ""Ġ"" ""201"" ""9"" ""-"" ""05"" ""-"" ""22"" ""]."")"
meta-llama/Llama-3.2-3B,es,". Según la Agencia Meteorológica Nacional, la provincia espera recibir una cantidad elevada de precipitaciones en las próximas horas. Los expertos en climatología advierten sobre la posibilidad de inundaciones en","(""."" ""ĠSeg"" ""Ãºn"" ""Ġla"" ""ĠAg"" ""encia"" ""ĠMeteor"" ""olÃ³g"" ""ica"" ""ĠNacional"" "","" ""Ġla"" ""Ġprovincia"" ""Ġespera"" ""Ġrecibir"" ""Ġuna"" ""Ġcantidad"" ""Ġelev"" ""ada"" ""Ġde"" ""Ġprecip"" ""it"" ""aciones"" ""Ġen"" ""Ġlas"" ""ĠprÃ³"" ""x"" ""imas"" ""Ġhoras"" ""."" ""ĠLos"" ""Ġexpert"" ""os"" ""Ġen"" ""Ġclim"" ""at"" ""ologÃŃa"" ""Ġadv"" ""ierten"" ""Ġsobre"" ""Ġla"" ""Ġpos"" ""ibilidad"" ""Ġde"" ""Ġinund"" ""aciones"" ""Ġen"")"
meta-llama/Llama-3.2-3B,nl,"Dat was zijn toen ik tekenfilm zat en gaf aan.Ik wist er vrijdag ook. Je bent dan klaar om tekenen.Dat was niet het gedrag, dat is echt de dood.Vrijdag zijn","(""Dat"" ""Ġwas"" ""Ġzijn"" ""Ġtoen"" ""Ġik"" ""Ġte"" ""ken"" ""film"" ""Ġzat"" ""Ġen"" ""Ġg"" ""af"" ""Ġaan"" "".I"" ""k"" ""Ġw"" ""ist"" ""Ġer"" ""Ġvrij"" ""dag"" ""Ġook"" ""."" ""ĠJe"" ""Ġbent"" ""Ġdan"" ""Ġkla"" ""ar"" ""Ġom"" ""Ġte"" ""ken"" ""en"" "".D"" ""at"" ""Ġwas"" ""Ġniet"" ""Ġhet"" ""Ġged"" ""rag"" "","" ""Ġdat"" ""Ġis"" ""Ġecht"" ""Ġde"" ""Ġdood"" "".V"" ""rij"" ""dag"" ""Ġzijn"")"
meta-llama/Llama-3.2-3B,ca,El discurs oficial que d’Alec Martín d’Arriba (IBA) en el Congreso d’Europà va ser un acte de resposta que va provocar desesperació sobre la possibilitat de seguir per asegurar que,"(""El"" ""Ġdisc"" ""urs"" ""Ġoficial"" ""Ġque"" ""Ġd"" ""âĢĻ"" ""A"" ""lec"" ""ĠMart"" ""ÃŃn"" ""Ġd"" ""âĢĻ"" ""Ar"" ""riba"" ""Ġ("" ""IB"" ""A"" "")"" ""Ġen"" ""Ġel"" ""ĠCong"" ""reso"" ""Ġd"" ""âĢĻ"" ""Eu"" ""rop"" ""Ãł"" ""Ġva"" ""Ġser"" ""Ġun"" ""Ġact"" ""e"" ""Ġde"" ""Ġresposta"" ""Ġque"" ""Ġva"" ""Ġprovoc"" ""ar"" ""Ġdes"" ""esper"" ""aci"" ""Ã³"" ""Ġsobre"" ""Ġla"" ""Ġpossibilit"" ""at"" ""Ġde"" ""Ġseguir"" ""Ġper"" ""Ġaseg"" ""urar"" ""Ġque"")"
gpt2,de,"Der Ausbruch des Coronavirus hat die Entwicklung eines Impfstoffs zur Eindämmung der Pandemie dringlich gemacht. In den letzten Monaten wurden verschiedene Tests durchgeführt, um zu verstehen, wie der menschliche Körper","(""Der"" ""ĠAus"" ""b"" ""ru"" ""ch"" ""Ġdes"" ""ĠCor"" ""on"" ""av"" ""irus"" ""Ġhat"" ""Ġdie"" ""ĠEnt"" ""wick"" ""l"" ""ung"" ""Ġe"" ""ines"" ""ĠImp"" ""f"" ""st"" ""offs"" ""Ġz"" ""ur"" ""ĠE"" ""ind"" ""Ã¤"" ""mm"" ""ung"" ""Ġder"" ""ĠPand"" ""em"" ""ie"" ""Ġdr"" ""ing"" ""lich"" ""Ġgem"" ""acht"" ""."" ""ĠIn"" ""Ġden"" ""Ġlet"" ""z"" ""ten"" ""ĠMon"" ""aten"" ""Ġw"" ""urden"" ""Ġvers"" ""ch"" ""ied"" ""ene"" ""ĠTests"" ""Ġd"" ""urch"" ""ge"" ""f"" ""Ã¼"" ""hr"" ""t"" "","" ""Ġum"" ""Ġz"" ""u"" ""Ġver"" ""ste"" ""hen"" "","" ""Ġw"" ""ie"" ""Ġder"" ""Ġm"" ""ens"" ""ch"" ""lic"" ""he"" ""ĠK"" ""Ã¶r"" ""per"")"
gpt2,en,Alex Azar was officially sworn in as the U.S. Secretary of Health and Human Services (HHS) today. President Donald Trump administered the oath in a private ceremony at the White,"(""Alex"" ""ĠAz"" ""ar"" ""Ġwas"" ""Ġofficially"" ""Ġsworn"" ""Ġin"" ""Ġas"" ""Ġthe"" ""ĠU"" ""."" ""S"" ""."" ""ĠSecretary"" ""Ġof"" ""ĠHealth"" ""Ġand"" ""ĠHuman"" ""ĠServices"" ""Ġ("" ""H"" ""HS"" "")"" ""Ġtoday"" ""."" ""ĠPresident"" ""ĠDonald"" ""ĠTrump"" ""Ġadministered"" ""Ġthe"" ""Ġoath"" ""Ġin"" ""Ġa"" ""Ġprivate"" ""Ġceremony"" ""Ġat"" ""Ġthe"" ""ĠWhite"")"
gpt2,uk,"Європейський союз вимагає зупинити розтрату коштів Фонду боротьби з коронавірусом на цілі, що не пов'язані з протидією пандемії. Згідно з повідомленням ""Євросолідарності"", було виявлено випадки використання коштів на інші потреби,","(""Ð"" ""Ħ"" ""Ð²"" ""ÑĢ"" ""Ð¾Ð"" ""¿"" ""Ðµ"" ""Ð"" ""¹"" ""Ñģ"" ""ÑĮ"" ""Ðº"" ""Ð¸"" ""Ð"" ""¹"" ""Ġ"" ""Ñģ"" ""Ð¾"" ""Ñ"" ""İ"" ""Ð"" ""·"" ""ĠÐ"" ""²"" ""Ð¸"" ""Ð¼"" ""Ð°"" ""Ð"" ""³"" ""Ð°"" ""Ñ"" ""Ķ"" ""ĠÐ"" ""·"" ""Ñĥ"" ""Ð"" ""¿"" ""Ð¸"" ""Ð½"" ""Ð¸"" ""ÑĤ"" ""Ð¸"" ""Ġ"" ""ÑĢ"" ""Ð¾Ð"" ""·"" ""ÑĤ"" ""ÑĢ"" ""Ð°"" ""ÑĤ"" ""Ñĥ"" ""ĠÐ"" ""º"" ""Ð¾"" ""Ñ"" ""Ī"" ""ÑĤ"" ""Ñ"" ""ĸ"" ""Ð²"" ""ĠÐ"" ""¤"" ""Ð¾"" ""Ð½"" ""Ð´"" ""Ñĥ"" ""ĠÐ"" ""±"" ""Ð¾"" ""ÑĢ"" ""Ð¾"" ""ÑĤ"" ""ÑĮ"" ""Ð"" ""±"" ""Ð¸"" ""ĠÐ"" ""·"" ""ĠÐ"" ""º"" ""Ð¾"" ""ÑĢ"" ""Ð¾"" ""Ð½"" ""Ð°"" ""Ð²"" ""Ñ"" ""ĸ"" ""ÑĢ"" ""Ñĥ"" ""Ñģ"" ""Ð¾Ð"" ""¼"" ""ĠÐ"" ""½"" ""Ð°"" ""Ġ"" ""Ñ"" ""Ĩ"" ""Ñ"" ""ĸ"" ""Ð»"" ""Ñ"" ""ĸ"" "","" ""Ġ"" ""Ñ"" ""ī"" ""Ð¾"" ""ĠÐ"" ""½"" ""Ðµ"" ""ĠÐ"" ""¿"" ""Ð¾Ð"" ""²"" ""'"" ""Ñı"" ""Ð"" ""·"" ""Ð°"" ""Ð½"" ""Ñ"" ""ĸ"" ""ĠÐ"" ""·"" ""ĠÐ"" ""¿"" ""ÑĢ"" ""Ð¾"" ""ÑĤ"" ""Ð¸"" ""Ð´"" ""Ñ"" ""ĸ"" ""Ñ"" ""Ķ"" ""Ñ"" ""İ"" ""ĠÐ"" ""¿"" ""Ð°"" ""Ð½"" ""Ð´"" ""Ðµ"" ""Ð¼"" ""Ñ"" ""ĸ"" ""Ñ"" ""Ĺ"" ""."" ""ĠÐ"" ""Ĺ"" ""Ð"" ""³"" ""Ñ"" ""ĸ"" ""Ð´"" ""Ð½"" ""Ð¾"" ""ĠÐ"" ""·"" ""ĠÐ"" ""¿"" ""Ð¾Ð"" ""²"" ""Ñ"" ""ĸ"" ""Ð´"" ""Ð¾Ð"" ""¼"" ""Ð»"" ""Ðµ"" ""Ð½"" ""Ð½"" ""Ñı"" ""Ð¼"" ""Ġ"""" ""Ð"" ""Ħ"" ""Ð²"" ""ÑĢ"" ""Ð¾"" ""Ñģ"" ""Ð¾Ð"" ""»"" ""Ñ"" ""ĸ"" ""Ð´"" ""Ð°"" ""ÑĢ"" ""Ð½"" ""Ð¾"" ""Ñģ"" ""ÑĤ"" ""Ñ"" ""ĸ"" """","" ""ĠÐ"" ""±"" ""Ñĥ"" ""Ð»"" ""Ð¾"" ""ĠÐ"" ""²"" ""Ð¸"" ""Ñı"" ""Ð²"" ""Ð»"" ""Ðµ"" ""Ð½"" ""Ð¾"" ""ĠÐ"" ""²"" ""Ð¸"" ""Ð"" ""¿"" ""Ð°"" ""Ð´"" ""Ðº"" ""Ð¸"" ""ĠÐ"" ""²"" ""Ð¸"" ""Ðº"" ""Ð¾"" ""ÑĢ"" ""Ð¸"" ""Ñģ"" ""ÑĤ"" ""Ð°"" ""Ð½"" ""Ð½"" ""Ñı"" ""ĠÐ"" ""º"" ""Ð¾"" ""Ñ"" ""Ī"" ""ÑĤ"" ""Ñ"" ""ĸ"" ""Ð²"" ""ĠÐ"" ""½"" ""Ð°"" ""Ġ"" ""Ñ"" ""ĸ"" ""Ð½"" ""Ñ"" ""Ī"" ""Ñ"" ""ĸ"" ""ĠÐ"" ""¿"" ""Ð¾"" ""ÑĤ"" ""ÑĢ"" ""Ðµ"" ""Ð"" ""±"" ""Ð¸"" "","")"
gpt2,zh,美国推出的2015年301名单表明，它将继续将中国列入美国贸易伙伴重点观察对象。,"(""ç"" ""¾"" ""İ"" ""åĽ"" ""½"" ""æ"" ""İ"" ""¨"" ""åĩ"" ""º"" ""çļĦ"" ""2015"" ""å¹"" ""´"" ""301"" ""åĲ"" ""į"" ""åį"" ""ķ"" ""è¡"" ""¨"" ""æĺ"" ""İ"" ""ï"" ""¼"" ""Į"" ""å®"" ""ĥ"" ""å°Ĩ"" ""ç"" ""»"" ""§"" ""ç"" ""»"" ""Ń"" ""å°Ĩ"" ""ä¸Ń"" ""åĽ"" ""½"" ""åĪ"" ""Ĺ"" ""åħ"" ""¥"" ""ç"" ""¾"" ""İ"" ""åĽ"" ""½"" ""è"" ""´"" ""¸"" ""æĺ"" ""ĵ"" ""ä¼"" ""Ļ"" ""ä¼"" ""´"" ""éĩ"" ""į"" ""ç"" ""Ĥ"" ""¹"" ""è"" ""§"" ""Ĥ"" ""å¯"" ""Ł"" ""å¯"" ""¹"" ""è"" ""±"" ""¡"" ""ãĢĤ"")"
gpt2,ar,قال المسؤول المسؤول للمنافذ الحدودية أنه ينتظر أن يتفق الشركاء العرب على تشكيل قوة عربية متكاملة ومناسبة لتغطية ارتكاب خطوات إستخدامية أو حيرة على المنافذ الحدودية أو مسافريها، أما ما,"(""Ù"" ""Ĥ"" ""Ø§ÙĦ"" ""ĠØ§ÙĦ"" ""Ùħ"" ""Ø³"" ""Ø"" ""¤"" ""ÙĪ"" ""ÙĦ"" ""ĠØ§ÙĦ"" ""Ùħ"" ""Ø³"" ""Ø"" ""¤"" ""ÙĪ"" ""ÙĦ"" ""Ġ"" ""ÙĦ"" ""ÙĦ"" ""Ùħ"" ""ÙĨ"" ""Ø§"" ""Ù"" ""ģ"" ""Ø"" ""°"" ""ĠØ§ÙĦ"" ""Ø"" ""Ń"" ""Ø¯"" ""ÙĪ"" ""Ø¯"" ""ÙĬ"" ""Ø©"" ""ĠØ"" ""£"" ""ÙĨ"" ""Ùĩ"" ""ĠÙ"" ""Ĭ"" ""ÙĨ"" ""Øª"" ""Ø"" ""¸"" ""Ø±"" ""ĠØ"" ""£"" ""ÙĨ"" ""ĠÙ"" ""Ĭ"" ""Øª"" ""Ù"" ""ģ"" ""Ù"" ""Ĥ"" ""ĠØ§ÙĦ"" ""Ø"" ""´"" ""Ø±"" ""Ù"" ""ĥ"" ""Ø§Ø"" ""¡"" ""ĠØ§ÙĦ"" ""Ø¹"" ""Ø±"" ""Ø¨"" ""ĠØ"" ""¹"" ""ÙĦ"" ""Ù"" ""ī"" ""ĠØ"" ""ª"" ""Ø"" ""´"" ""Ù"" ""ĥ"" ""ÙĬ"" ""ÙĦ"" ""ĠÙ"" ""Ĥ"" ""ÙĪ"" ""Ø©"" ""ĠØ"" ""¹"" ""Ø±"" ""Ø¨"" ""ÙĬ"" ""Ø©"" ""ĠÙħ"" ""Øª"" ""Ù"" ""ĥ"" ""Ø§"" ""Ùħ"" ""ÙĦ"" ""Ø©"" ""ĠÙĪ"" ""Ùħ"" ""ÙĨ"" ""Ø§Ø"" ""³"" ""Ø¨"" ""Ø©"" ""Ġ"" ""ÙĦ"" ""Øª"" ""Ø"" ""º"" ""Ø"" ""·"" ""ÙĬ"" ""Ø©"" ""Ġ"" ""Ø§"" ""Ø±"" ""Øª"" ""Ù"" ""ĥ"" ""Ø§Ø"" ""¨"" ""ĠØ"" ""®"" ""Ø"" ""·"" ""ÙĪ"" ""Ø§Ø"" ""ª"" ""ĠØ"" ""¥"" ""Ø³"" ""Øª"" ""Ø"" ""®"" ""Ø¯"" ""Ø§"" ""Ùħ"" ""ÙĬ"" ""Ø©"" ""ĠØ"" ""£"" ""ÙĪ"" ""ĠØ"" ""Ń"" ""ÙĬ"" ""Ø±"" ""Ø©"" ""ĠØ"" ""¹"" ""ÙĦ"" ""Ù"" ""ī"" ""ĠØ§ÙĦ"" ""Ùħ"" ""ÙĨ"" ""Ø§"" ""Ù"" ""ģ"" ""Ø"" ""°"" ""ĠØ§ÙĦ"" ""Ø"" ""Ń"" ""Ø¯"" ""ÙĪ"" ""Ø¯"" ""ÙĬ"" ""Ø©"" ""ĠØ"" ""£"" ""ÙĪ"" ""ĠÙħ"" ""Ø³"" ""Ø§"" ""Ù"" ""ģ"" ""Ø±"" ""ÙĬ"" ""Ùĩ"" ""Ø§"" ""Ø"" ""Į"" ""ĠØ"" ""£"" ""Ùħ"" ""Ø§"" ""ĠÙħ"" ""Ø§"")"
gpt2,pt,"Pesquisa apoia a posição do Primeiro-Ministro David Cameron.Nove em cada 10 dos principais economistas da Grã-Bretanha, que actuam no distrito financeiro de Londres, na academia e em pequenas empresas, acreditam","(""P"" ""es"" ""qu"" ""isa"" ""Ġap"" ""o"" ""ia"" ""Ġa"" ""Ġpos"" ""i"" ""Ã§"" ""Ã£o"" ""Ġdo"" ""ĠPrime"" ""iro"" ""-"" ""Min"" ""ist"" ""ro"" ""ĠDavid"" ""ĠCameron"" ""."" ""N"" ""ove"" ""Ġem"" ""Ġc"" ""ada"" ""Ġ10"" ""Ġdos"" ""Ġprincip"" ""ais"" ""Ġeconomist"" ""as"" ""Ġda"" ""ĠGr"" ""Ã£"" ""-"" ""B"" ""ret"" ""an"" ""ha"" "","" ""Ġque"" ""Ġactu"" ""am"" ""Ġno"" ""Ġdist"" ""rito"" ""Ġfinance"" ""iro"" ""Ġde"" ""ĠL"" ""ond"" ""res"" "","" ""Ġna"" ""Ġacademia"" ""Ġe"" ""Ġem"" ""Ġpe"" ""qu"" ""en"" ""as"" ""Ġem"" ""pres"" ""as"" "","" ""Ġac"" ""redit"" ""am"")"
gpt2,ru,"Дональд , который был приговорён к смертной казни за организацию и осуществление двух терактов на финише Бостонского марафона 2013 года. Президент США обрушился с резкой критикой на прокуратуру штата Массачусетс,","(""Ð"" ""Ķ"" ""Ð¾"" ""Ð½"" ""Ð°"" ""Ð»"" ""ÑĮ"" ""Ð´"" ""Ġ,"" ""ĠÐ"" ""º"" ""Ð¾"" ""ÑĤ"" ""Ð¾"" ""ÑĢ"" ""Ñĭ"" ""Ð"" ""¹"" ""ĠÐ"" ""±"" ""Ñĭ"" ""Ð»"" ""ĠÐ"" ""¿"" ""ÑĢ"" ""Ð¸"" ""Ð"" ""³"" ""Ð¾Ð"" ""²"" ""Ð¾"" ""ÑĢ"" ""Ñ"" ""ĳ"" ""Ð½"" ""ĠÐ"" ""º"" ""Ġ"" ""Ñģ"" ""Ð¼"" ""Ðµ"" ""ÑĢ"" ""ÑĤ"" ""Ð½"" ""Ð¾Ð"" ""¹"" ""ĠÐ"" ""º"" ""Ð°"" ""Ð"" ""·"" ""Ð½"" ""Ð¸"" ""ĠÐ"" ""·"" ""Ð°"" ""ĠÐ"" ""¾"" ""ÑĢ"" ""Ð"" ""³"" ""Ð°"" ""Ð½"" ""Ð¸"" ""Ð"" ""·"" ""Ð°"" ""Ñ"" ""Ĩ"" ""Ð¸"" ""Ñ"" ""İ"" ""ĠÐ"" ""¸"" ""ĠÐ"" ""¾"" ""Ñģ"" ""Ñĥ"" ""Ñ"" ""ī"" ""Ðµ"" ""Ñģ"" ""ÑĤ"" ""Ð²"" ""Ð»"" ""Ðµ"" ""Ð½"" ""Ð¸"" ""Ðµ"" ""ĠÐ"" ""´"" ""Ð²"" ""Ñĥ"" ""Ñ"" ""ħ"" ""Ġ"" ""ÑĤ"" ""Ðµ"" ""ÑĢ"" ""Ð°"" ""Ðº"" ""ÑĤ"" ""Ð¾Ð"" ""²"" ""ĠÐ"" ""½"" ""Ð°"" ""Ġ"" ""Ñ"" ""Ħ"" ""Ð¸"" ""Ð½"" ""Ð¸"" ""Ñ"" ""Ī"" ""Ðµ"" ""ĠÐ"" ""ĳ"" ""Ð¾"" ""Ñģ"" ""ÑĤ"" ""Ð¾"" ""Ð½"" ""Ñģ"" ""Ðº"" ""Ð¾Ð"" ""³"" ""Ð¾"" ""ĠÐ"" ""¼"" ""Ð°"" ""ÑĢ"" ""Ð°"" ""Ñ"" ""Ħ"" ""Ð¾"" ""Ð½"" ""Ð°"" ""Ġ2013"" ""ĠÐ"" ""³"" ""Ð¾Ð"" ""´"" ""Ð°"" ""."" ""ĠÐ"" ""Ł"" ""ÑĢ"" ""Ðµ"" ""Ð"" ""·"" ""Ð¸"" ""Ð´"" ""Ðµ"" ""Ð½"" ""ÑĤ"" ""ĠÐ"" ""¡"" ""Ð"" ""¨"" ""Ð"" ""Ĳ"" ""ĠÐ"" ""¾"" ""Ð"" ""±"" ""ÑĢ"" ""Ñĥ"" ""Ñ"" ""Ī"" ""Ð¸"" ""Ð»"" ""Ñģ"" ""Ñı"" ""Ġ"" ""Ñģ"" ""Ġ"" ""ÑĢ"" ""Ðµ"" ""Ð"" ""·"" ""Ðº"" ""Ð¾Ð"" ""¹"" ""ĠÐ"" ""º"" ""ÑĢ"" ""Ð¸"" ""ÑĤ"" ""Ð¸"" ""Ðº"" ""Ð¾Ð"" ""¹"" ""ĠÐ"" ""½"" ""Ð°"" ""ĠÐ"" ""¿"" ""ÑĢ"" ""Ð¾Ð"" ""º"" ""Ñĥ"" ""ÑĢ"" ""Ð°"" ""ÑĤ"" ""Ñĥ"" ""ÑĢ"" ""Ñĥ"" ""Ġ"" ""Ñ"" ""Ī"" ""ÑĤ"" ""Ð°"" ""ÑĤ"" ""Ð°"" ""ĠÐ"" ""ľ"" ""Ð°"" ""Ñģ"" ""Ñģ"" ""Ð°"" ""Ñ"" ""ĩ"" ""Ñĥ"" ""Ñģ"" ""Ðµ"" ""ÑĤ"" ""Ñģ"" "","")"
gpt2,cs,. Osvobození 13. 5. 2019. Dostupné online [cit. 2019-05-22].,"(""."" ""ĠOs"" ""v"" ""obo"" ""zen"" ""ÃŃ"" ""Ġ13"" ""."" ""Ġ5"" ""."" ""Ġ2019"" ""."" ""ĠD"" ""ost"" ""up"" ""n"" ""Ã©"" ""Ġonline"" ""Ġ["" ""cit"" ""."" ""Ġ2019"" ""-"" ""05"" ""-"" ""22"" ""]."")"
gpt2,es,". Según la Agencia Meteorológica Nacional, la provincia espera recibir una cantidad elevada de precipitaciones en las próximas horas. Los expertos en climatología advierten sobre la posibilidad de inundaciones en","(""."" ""ĠSeg"" ""Ãº"" ""n"" ""Ġla"" ""ĠAg"" ""encia"" ""ĠMeteor"" ""ol"" ""Ã³"" ""g"" ""ica"" ""ĠN"" ""ac"" ""ional"" "","" ""Ġla"" ""Ġprov"" ""inc"" ""ia"" ""Ġes"" ""per"" ""a"" ""Ġrec"" ""ib"" ""ir"" ""Ġun"" ""a"" ""Ġcant"" ""idad"" ""Ġelev"" ""ada"" ""Ġde"" ""Ġprecip"" ""it"" ""acion"" ""es"" ""Ġen"" ""Ġlas"" ""Ġpr"" ""Ã³"" ""x"" ""im"" ""as"" ""Ġhor"" ""as"" ""."" ""ĠLos"" ""Ġexpert"" ""os"" ""Ġen"" ""Ġclim"" ""at"" ""olog"" ""ÃŃa"" ""Ġadv"" ""i"" ""ert"" ""en"" ""Ġso"" ""bre"" ""Ġla"" ""Ġpos"" ""ib"" ""il"" ""idad"" ""Ġde"" ""Ġinund"" ""acion"" ""es"" ""Ġen"")"
gpt2,nl,"Dat was zijn toen ik tekenfilm zat en gaf aan.Ik wist er vrijdag ook. Je bent dan klaar om tekenen.Dat was niet het gedrag, dat is echt de dood.Vrijdag zijn","(""Dat"" ""Ġwas"" ""Ġz"" ""ijn"" ""Ġto"" ""en"" ""Ġ"" ""ik"" ""Ġte"" ""ken"" ""film"" ""Ġz"" ""at"" ""Ġen"" ""Ġg"" ""af"" ""Ġa"" ""an"" ""."" ""I"" ""k"" ""Ġw"" ""ist"" ""Ġer"" ""Ġv"" ""ri"" ""j"" ""d"" ""ag"" ""Ġo"" ""ok"" ""."" ""ĠJe"" ""Ġbent"" ""Ġdan"" ""Ġk"" ""la"" ""ar"" ""Ġom"" ""Ġte"" ""ken"" ""en"" ""."" ""Dat"" ""Ġwas"" ""Ġn"" ""iet"" ""Ġhe"" ""t"" ""Ġg"" ""ed"" ""rag"" "","" ""Ġdat"" ""Ġis"" ""Ġe"" ""cht"" ""Ġde"" ""Ġdo"" ""od"" ""."" ""V"" ""ri"" ""j"" ""d"" ""ag"" ""Ġz"" ""ijn"")"
gpt2,ca,El discurs oficial que d’Alec Martín d’Arriba (IBA) en el Congreso d’Europà va ser un acte de resposta que va provocar desesperació sobre la possibilitat de seguir per asegurar que,"(""El"" ""Ġdisc"" ""urs"" ""Ġof"" ""icial"" ""Ġque"" ""Ġd"" ""âĢ"" ""Ļ"" ""Ale"" ""c"" ""ĠMart"" ""ÃŃn"" ""Ġd"" ""âĢ"" ""Ļ"" ""Ar"" ""rib"" ""a"" ""Ġ("" ""I"" ""BA"" "")"" ""Ġen"" ""Ġel"" ""ĠCong"" ""res"" ""o"" ""Ġd"" ""âĢ"" ""Ļ"" ""Euro"" ""p"" ""Ãł"" ""Ġva"" ""Ġser"" ""Ġun"" ""Ġact"" ""e"" ""Ġde"" ""Ġresp"" ""osta"" ""Ġque"" ""Ġva"" ""Ġprov"" ""oc"" ""ar"" ""Ġdes"" ""es"" ""per"" ""aci"" ""Ã³"" ""Ġso"" ""bre"" ""Ġla"" ""Ġposs"" ""ib"" ""ilit"" ""at"" ""Ġde"" ""Ġse"" ""gu"" ""ir"" ""Ġper"" ""Ġa"" ""se"" ""gur"" ""ar"" ""Ġque"")"
gpt2-xl,de,"Der Ausbruch des Coronavirus hat die Entwicklung eines Impfstoffs zur Eindämmung der Pandemie dringlich gemacht. In den letzten Monaten wurden verschiedene Tests durchgeführt, um zu verstehen, wie der menschliche Körper","(""Der"" ""ĠAus"" ""b"" ""ru"" ""ch"" ""Ġdes"" ""ĠCor"" ""on"" ""av"" ""irus"" ""Ġhat"" ""Ġdie"" ""ĠEnt"" ""wick"" ""l"" ""ung"" ""Ġe"" ""ines"" ""ĠImp"" ""f"" ""st"" ""offs"" ""Ġz"" ""ur"" ""ĠE"" ""ind"" ""Ã¤"" ""mm"" ""ung"" ""Ġder"" ""ĠPand"" ""em"" ""ie"" ""Ġdr"" ""ing"" ""lich"" ""Ġgem"" ""acht"" ""."" ""ĠIn"" ""Ġden"" ""Ġlet"" ""z"" ""ten"" ""ĠMon"" ""aten"" ""Ġw"" ""urden"" ""Ġvers"" ""ch"" ""ied"" ""ene"" ""ĠTests"" ""Ġd"" ""urch"" ""ge"" ""f"" ""Ã¼"" ""hr"" ""t"" "","" ""Ġum"" ""Ġz"" ""u"" ""Ġver"" ""ste"" ""hen"" "","" ""Ġw"" ""ie"" ""Ġder"" ""Ġm"" ""ens"" ""ch"" ""lic"" ""he"" ""ĠK"" ""Ã¶r"" ""per"")"
gpt2-xl,en,Alex Azar was officially sworn in as the U.S. Secretary of Health and Human Services (HHS) today. President Donald Trump administered the oath in a private ceremony at the White,"(""Alex"" ""ĠAz"" ""ar"" ""Ġwas"" ""Ġofficially"" ""Ġsworn"" ""Ġin"" ""Ġas"" ""Ġthe"" ""ĠU"" ""."" ""S"" ""."" ""ĠSecretary"" ""Ġof"" ""ĠHealth"" ""Ġand"" ""ĠHuman"" ""ĠServices"" ""Ġ("" ""H"" ""HS"" "")"" ""Ġtoday"" ""."" ""ĠPresident"" ""ĠDonald"" ""ĠTrump"" ""Ġadministered"" ""Ġthe"" ""Ġoath"" ""Ġin"" ""Ġa"" ""Ġprivate"" ""Ġceremony"" ""Ġat"" ""Ġthe"" ""ĠWhite"")"
gpt2-xl,uk,"Європейський союз вимагає зупинити розтрату коштів Фонду боротьби з коронавірусом на цілі, що не пов'язані з протидією пандемії. Згідно з повідомленням ""Євросолідарності"", було виявлено випадки використання коштів на інші потреби,","(""Ð"" ""Ħ"" ""Ð²"" ""ÑĢ"" ""Ð¾Ð"" ""¿"" ""Ðµ"" ""Ð"" ""¹"" ""Ñģ"" ""ÑĮ"" ""Ðº"" ""Ð¸"" ""Ð"" ""¹"" ""Ġ"" ""Ñģ"" ""Ð¾"" ""Ñ"" ""İ"" ""Ð"" ""·"" ""ĠÐ"" ""²"" ""Ð¸"" ""Ð¼"" ""Ð°"" ""Ð"" ""³"" ""Ð°"" ""Ñ"" ""Ķ"" ""ĠÐ"" ""·"" ""Ñĥ"" ""Ð"" ""¿"" ""Ð¸"" ""Ð½"" ""Ð¸"" ""ÑĤ"" ""Ð¸"" ""Ġ"" ""ÑĢ"" ""Ð¾Ð"" ""·"" ""ÑĤ"" ""ÑĢ"" ""Ð°"" ""ÑĤ"" ""Ñĥ"" ""ĠÐ"" ""º"" ""Ð¾"" ""Ñ"" ""Ī"" ""ÑĤ"" ""Ñ"" ""ĸ"" ""Ð²"" ""ĠÐ"" ""¤"" ""Ð¾"" ""Ð½"" ""Ð´"" ""Ñĥ"" ""ĠÐ"" ""±"" ""Ð¾"" ""ÑĢ"" ""Ð¾"" ""ÑĤ"" ""ÑĮ"" ""Ð"" ""±"" ""Ð¸"" ""ĠÐ"" ""·"" ""ĠÐ"" ""º"" ""Ð¾"" ""ÑĢ"" ""Ð¾"" ""Ð½"" ""Ð°"" ""Ð²"" ""Ñ"" ""ĸ"" ""ÑĢ"" ""Ñĥ"" ""Ñģ"" ""Ð¾Ð"" ""¼"" ""ĠÐ"" ""½"" ""Ð°"" ""Ġ"" ""Ñ"" ""Ĩ"" ""Ñ"" ""ĸ"" ""Ð»"" ""Ñ"" ""ĸ"" "","" ""Ġ"" ""Ñ"" ""ī"" ""Ð¾"" ""ĠÐ"" ""½"" ""Ðµ"" ""ĠÐ"" ""¿"" ""Ð¾Ð"" ""²"" ""'"" ""Ñı"" ""Ð"" ""·"" ""Ð°"" ""Ð½"" ""Ñ"" ""ĸ"" ""ĠÐ"" ""·"" ""ĠÐ"" ""¿"" ""ÑĢ"" ""Ð¾"" ""ÑĤ"" ""Ð¸"" ""Ð´"" ""Ñ"" ""ĸ"" ""Ñ"" ""Ķ"" ""Ñ"" ""İ"" ""ĠÐ"" ""¿"" ""Ð°"" ""Ð½"" ""Ð´"" ""Ðµ"" ""Ð¼"" ""Ñ"" ""ĸ"" ""Ñ"" ""Ĺ"" ""."" ""ĠÐ"" ""Ĺ"" ""Ð"" ""³"" ""Ñ"" ""ĸ"" ""Ð´"" ""Ð½"" ""Ð¾"" ""ĠÐ"" ""·"" ""ĠÐ"" ""¿"" ""Ð¾Ð"" ""²"" ""Ñ"" ""ĸ"" ""Ð´"" ""Ð¾Ð"" ""¼"" ""Ð»"" ""Ðµ"" ""Ð½"" ""Ð½"" ""Ñı"" ""Ð¼"" ""Ġ"""" ""Ð"" ""Ħ"" ""Ð²"" ""ÑĢ"" ""Ð¾"" ""Ñģ"" ""Ð¾Ð"" ""»"" ""Ñ"" ""ĸ"" ""Ð´"" ""Ð°"" ""ÑĢ"" ""Ð½"" ""Ð¾"" ""Ñģ"" ""ÑĤ"" ""Ñ"" ""ĸ"" """","" ""ĠÐ"" ""±"" ""Ñĥ"" ""Ð»"" ""Ð¾"" ""ĠÐ"" ""²"" ""Ð¸"" ""Ñı"" ""Ð²"" ""Ð»"" ""Ðµ"" ""Ð½"" ""Ð¾"" ""ĠÐ"" ""²"" ""Ð¸"" ""Ð"" ""¿"" ""Ð°"" ""Ð´"" ""Ðº"" ""Ð¸"" ""ĠÐ"" ""²"" ""Ð¸"" ""Ðº"" ""Ð¾"" ""ÑĢ"" ""Ð¸"" ""Ñģ"" ""ÑĤ"" ""Ð°"" ""Ð½"" ""Ð½"" ""Ñı"" ""ĠÐ"" ""º"" ""Ð¾"" ""Ñ"" ""Ī"" ""ÑĤ"" ""Ñ"" ""ĸ"" ""Ð²"" ""ĠÐ"" ""½"" ""Ð°"" ""Ġ"" ""Ñ"" ""ĸ"" ""Ð½"" ""Ñ"" ""Ī"" ""Ñ"" ""ĸ"" ""ĠÐ"" ""¿"" ""Ð¾"" ""ÑĤ"" ""ÑĢ"" ""Ðµ"" ""Ð"" ""±"" ""Ð¸"" "","")"
gpt2-xl,zh,美国推出的2015年301名单表明，它将继续将中国列入美国贸易伙伴重点观察对象。,"(""ç"" ""¾"" ""İ"" ""åĽ"" ""½"" ""æ"" ""İ"" ""¨"" ""åĩ"" ""º"" ""çļĦ"" ""2015"" ""å¹"" ""´"" ""301"" ""åĲ"" ""į"" ""åį"" ""ķ"" ""è¡"" ""¨"" ""æĺ"" ""İ"" ""ï"" ""¼"" ""Į"" ""å®"" ""ĥ"" ""å°Ĩ"" ""ç"" ""»"" ""§"" ""ç"" ""»"" ""Ń"" ""å°Ĩ"" ""ä¸Ń"" ""åĽ"" ""½"" ""åĪ"" ""Ĺ"" ""åħ"" ""¥"" ""ç"" ""¾"" ""İ"" ""åĽ"" ""½"" ""è"" ""´"" ""¸"" ""æĺ"" ""ĵ"" ""ä¼"" ""Ļ"" ""ä¼"" ""´"" ""éĩ"" ""į"" ""ç"" ""Ĥ"" ""¹"" ""è"" ""§"" ""Ĥ"" ""å¯"" ""Ł"" ""å¯"" ""¹"" ""è"" ""±"" ""¡"" ""ãĢĤ"")"
gpt2-xl,ar,قال المسؤول المسؤول للمنافذ الحدودية أنه ينتظر أن يتفق الشركاء العرب على تشكيل قوة عربية متكاملة ومناسبة لتغطية ارتكاب خطوات إستخدامية أو حيرة على المنافذ الحدودية أو مسافريها، أما ما,"(""Ù"" ""Ĥ"" ""Ø§ÙĦ"" ""ĠØ§ÙĦ"" ""Ùħ"" ""Ø³"" ""Ø"" ""¤"" ""ÙĪ"" ""ÙĦ"" ""ĠØ§ÙĦ"" ""Ùħ"" ""Ø³"" ""Ø"" ""¤"" ""ÙĪ"" ""ÙĦ"" ""Ġ"" ""ÙĦ"" ""ÙĦ"" ""Ùħ"" ""ÙĨ"" ""Ø§"" ""Ù"" ""ģ"" ""Ø"" ""°"" ""ĠØ§ÙĦ"" ""Ø"" ""Ń"" ""Ø¯"" ""ÙĪ"" ""Ø¯"" ""ÙĬ"" ""Ø©"" ""ĠØ"" ""£"" ""ÙĨ"" ""Ùĩ"" ""ĠÙ"" ""Ĭ"" ""ÙĨ"" ""Øª"" ""Ø"" ""¸"" ""Ø±"" ""ĠØ"" ""£"" ""ÙĨ"" ""ĠÙ"" ""Ĭ"" ""Øª"" ""Ù"" ""ģ"" ""Ù"" ""Ĥ"" ""ĠØ§ÙĦ"" ""Ø"" ""´"" ""Ø±"" ""Ù"" ""ĥ"" ""Ø§Ø"" ""¡"" ""ĠØ§ÙĦ"" ""Ø¹"" ""Ø±"" ""Ø¨"" ""ĠØ"" ""¹"" ""ÙĦ"" ""Ù"" ""ī"" ""ĠØ"" ""ª"" ""Ø"" ""´"" ""Ù"" ""ĥ"" ""ÙĬ"" ""ÙĦ"" ""ĠÙ"" ""Ĥ"" ""ÙĪ"" ""Ø©"" ""ĠØ"" ""¹"" ""Ø±"" ""Ø¨"" ""ÙĬ"" ""Ø©"" ""ĠÙħ"" ""Øª"" ""Ù"" ""ĥ"" ""Ø§"" ""Ùħ"" ""ÙĦ"" ""Ø©"" ""ĠÙĪ"" ""Ùħ"" ""ÙĨ"" ""Ø§Ø"" ""³"" ""Ø¨"" ""Ø©"" ""Ġ"" ""ÙĦ"" ""Øª"" ""Ø"" ""º"" ""Ø"" ""·"" ""ÙĬ"" ""Ø©"" ""Ġ"" ""Ø§"" ""Ø±"" ""Øª"" ""Ù"" ""ĥ"" ""Ø§Ø"" ""¨"" ""ĠØ"" ""®"" ""Ø"" ""·"" ""ÙĪ"" ""Ø§Ø"" ""ª"" ""ĠØ"" ""¥"" ""Ø³"" ""Øª"" ""Ø"" ""®"" ""Ø¯"" ""Ø§"" ""Ùħ"" ""ÙĬ"" ""Ø©"" ""ĠØ"" ""£"" ""ÙĪ"" ""ĠØ"" ""Ń"" ""ÙĬ"" ""Ø±"" ""Ø©"" ""ĠØ"" ""¹"" ""ÙĦ"" ""Ù"" ""ī"" ""ĠØ§ÙĦ"" ""Ùħ"" ""ÙĨ"" ""Ø§"" ""Ù"" ""ģ"" ""Ø"" ""°"" ""ĠØ§ÙĦ"" ""Ø"" ""Ń"" ""Ø¯"" ""ÙĪ"" ""Ø¯"" ""ÙĬ"" ""Ø©"" ""ĠØ"" ""£"" ""ÙĪ"" ""ĠÙħ"" ""Ø³"" ""Ø§"" ""Ù"" ""ģ"" ""Ø±"" ""ÙĬ"" ""Ùĩ"" ""Ø§"" ""Ø"" ""Į"" ""ĠØ"" ""£"" ""Ùħ"" ""Ø§"" ""ĠÙħ"" ""Ø§"")"
gpt2-xl,pt,"Pesquisa apoia a posição do Primeiro-Ministro David Cameron.Nove em cada 10 dos principais economistas da Grã-Bretanha, que actuam no distrito financeiro de Londres, na academia e em pequenas empresas, acreditam","(""P"" ""es"" ""qu"" ""isa"" ""Ġap"" ""o"" ""ia"" ""Ġa"" ""Ġpos"" ""i"" ""Ã§"" ""Ã£o"" ""Ġdo"" ""ĠPrime"" ""iro"" ""-"" ""Min"" ""ist"" ""ro"" ""ĠDavid"" ""ĠCameron"" ""."" ""N"" ""ove"" ""Ġem"" ""Ġc"" ""ada"" ""Ġ10"" ""Ġdos"" ""Ġprincip"" ""ais"" ""Ġeconomist"" ""as"" ""Ġda"" ""ĠGr"" ""Ã£"" ""-"" ""B"" ""ret"" ""an"" ""ha"" "","" ""Ġque"" ""Ġactu"" ""am"" ""Ġno"" ""Ġdist"" ""rito"" ""Ġfinance"" ""iro"" ""Ġde"" ""ĠL"" ""ond"" ""res"" "","" ""Ġna"" ""Ġacademia"" ""Ġe"" ""Ġem"" ""Ġpe"" ""qu"" ""en"" ""as"" ""Ġem"" ""pres"" ""as"" "","" ""Ġac"" ""redit"" ""am"")"
gpt2-xl,ru,"Дональд , который был приговорён к смертной казни за организацию и осуществление двух терактов на финише Бостонского марафона 2013 года. Президент США обрушился с резкой критикой на прокуратуру штата Массачусетс,","(""Ð"" ""Ķ"" ""Ð¾"" ""Ð½"" ""Ð°"" ""Ð»"" ""ÑĮ"" ""Ð´"" ""Ġ,"" ""ĠÐ"" ""º"" ""Ð¾"" ""ÑĤ"" ""Ð¾"" ""ÑĢ"" ""Ñĭ"" ""Ð"" ""¹"" ""ĠÐ"" ""±"" ""Ñĭ"" ""Ð»"" ""ĠÐ"" ""¿"" ""ÑĢ"" ""Ð¸"" ""Ð"" ""³"" ""Ð¾Ð"" ""²"" ""Ð¾"" ""ÑĢ"" ""Ñ"" ""ĳ"" ""Ð½"" ""ĠÐ"" ""º"" ""Ġ"" ""Ñģ"" ""Ð¼"" ""Ðµ"" ""ÑĢ"" ""ÑĤ"" ""Ð½"" ""Ð¾Ð"" ""¹"" ""ĠÐ"" ""º"" ""Ð°"" ""Ð"" ""·"" ""Ð½"" ""Ð¸"" ""ĠÐ"" ""·"" ""Ð°"" ""ĠÐ"" ""¾"" ""ÑĢ"" ""Ð"" ""³"" ""Ð°"" ""Ð½"" ""Ð¸"" ""Ð"" ""·"" ""Ð°"" ""Ñ"" ""Ĩ"" ""Ð¸"" ""Ñ"" ""İ"" ""ĠÐ"" ""¸"" ""ĠÐ"" ""¾"" ""Ñģ"" ""Ñĥ"" ""Ñ"" ""ī"" ""Ðµ"" ""Ñģ"" ""ÑĤ"" ""Ð²"" ""Ð»"" ""Ðµ"" ""Ð½"" ""Ð¸"" ""Ðµ"" ""ĠÐ"" ""´"" ""Ð²"" ""Ñĥ"" ""Ñ"" ""ħ"" ""Ġ"" ""ÑĤ"" ""Ðµ"" ""ÑĢ"" ""Ð°"" ""Ðº"" ""ÑĤ"" ""Ð¾Ð"" ""²"" ""ĠÐ"" ""½"" ""Ð°"" ""Ġ"" ""Ñ"" ""Ħ"" ""Ð¸"" ""Ð½"" ""Ð¸"" ""Ñ"" ""Ī"" ""Ðµ"" ""ĠÐ"" ""ĳ"" ""Ð¾"" ""Ñģ"" ""ÑĤ"" ""Ð¾"" ""Ð½"" ""Ñģ"" ""Ðº"" ""Ð¾Ð"" ""³"" ""Ð¾"" ""ĠÐ"" ""¼"" ""Ð°"" ""ÑĢ"" ""Ð°"" ""Ñ"" ""Ħ"" ""Ð¾"" ""Ð½"" ""Ð°"" ""Ġ2013"" ""ĠÐ"" ""³"" ""Ð¾Ð"" ""´"" ""Ð°"" ""."" ""ĠÐ"" ""Ł"" ""ÑĢ"" ""Ðµ"" ""Ð"" ""·"" ""Ð¸"" ""Ð´"" ""Ðµ"" ""Ð½"" ""ÑĤ"" ""ĠÐ"" ""¡"" ""Ð"" ""¨"" ""Ð"" ""Ĳ"" ""ĠÐ"" ""¾"" ""Ð"" ""±"" ""ÑĢ"" ""Ñĥ"" ""Ñ"" ""Ī"" ""Ð¸"" ""Ð»"" ""Ñģ"" ""Ñı"" ""Ġ"" ""Ñģ"" ""Ġ"" ""ÑĢ"" ""Ðµ"" ""Ð"" ""·"" ""Ðº"" ""Ð¾Ð"" ""¹"" ""ĠÐ"" ""º"" ""ÑĢ"" ""Ð¸"" ""ÑĤ"" ""Ð¸"" ""Ðº"" ""Ð¾Ð"" ""¹"" ""ĠÐ"" ""½"" ""Ð°"" ""ĠÐ"" ""¿"" ""ÑĢ"" ""Ð¾Ð"" ""º"" ""Ñĥ"" ""ÑĢ"" ""Ð°"" ""ÑĤ"" ""Ñĥ"" ""ÑĢ"" ""Ñĥ"" ""Ġ"" ""Ñ"" ""Ī"" ""ÑĤ"" ""Ð°"" ""ÑĤ"" ""Ð°"" ""ĠÐ"" ""ľ"" ""Ð°"" ""Ñģ"" ""Ñģ"" ""Ð°"" ""Ñ"" ""ĩ"" ""Ñĥ"" ""Ñģ"" ""Ðµ"" ""ÑĤ"" ""Ñģ"" "","")"
gpt2-xl,cs,. Osvobození 13. 5. 2019. Dostupné online [cit. 2019-05-22].,"(""."" ""ĠOs"" ""v"" ""obo"" ""zen"" ""ÃŃ"" ""Ġ13"" ""."" ""Ġ5"" ""."" ""Ġ2019"" ""."" ""ĠD"" ""ost"" ""up"" ""n"" ""Ã©"" ""Ġonline"" ""Ġ["" ""cit"" ""."" ""Ġ2019"" ""-"" ""05"" ""-"" ""22"" ""]."")"
gpt2-xl,es,". Según la Agencia Meteorológica Nacional, la provincia espera recibir una cantidad elevada de precipitaciones en las próximas horas. Los expertos en climatología advierten sobre la posibilidad de inundaciones en","(""."" ""ĠSeg"" ""Ãº"" ""n"" ""Ġla"" ""ĠAg"" ""encia"" ""ĠMeteor"" ""ol"" ""Ã³"" ""g"" ""ica"" ""ĠN"" ""ac"" ""ional"" "","" ""Ġla"" ""Ġprov"" ""inc"" ""ia"" ""Ġes"" ""per"" ""a"" ""Ġrec"" ""ib"" ""ir"" ""Ġun"" ""a"" ""Ġcant"" ""idad"" ""Ġelev"" ""ada"" ""Ġde"" ""Ġprecip"" ""it"" ""acion"" ""es"" ""Ġen"" ""Ġlas"" ""Ġpr"" ""Ã³"" ""x"" ""im"" ""as"" ""Ġhor"" ""as"" ""."" ""ĠLos"" ""Ġexpert"" ""os"" ""Ġen"" ""Ġclim"" ""at"" ""olog"" ""ÃŃa"" ""Ġadv"" ""i"" ""ert"" ""en"" ""Ġso"" ""bre"" ""Ġla"" ""Ġpos"" ""ib"" ""il"" ""idad"" ""Ġde"" ""Ġinund"" ""acion"" ""es"" ""Ġen"")"
gpt2-xl,nl,"Dat was zijn toen ik tekenfilm zat en gaf aan.Ik wist er vrijdag ook. Je bent dan klaar om tekenen.Dat was niet het gedrag, dat is echt de dood.Vrijdag zijn","(""Dat"" ""Ġwas"" ""Ġz"" ""ijn"" ""Ġto"" ""en"" ""Ġ"" ""ik"" ""Ġte"" ""ken"" ""film"" ""Ġz"" ""at"" ""Ġen"" ""Ġg"" ""af"" ""Ġa"" ""an"" ""."" ""I"" ""k"" ""Ġw"" ""ist"" ""Ġer"" ""Ġv"" ""ri"" ""j"" ""d"" ""ag"" ""Ġo"" ""ok"" ""."" ""ĠJe"" ""Ġbent"" ""Ġdan"" ""Ġk"" ""la"" ""ar"" ""Ġom"" ""Ġte"" ""ken"" ""en"" ""."" ""Dat"" ""Ġwas"" ""Ġn"" ""iet"" ""Ġhe"" ""t"" ""Ġg"" ""ed"" ""rag"" "","" ""Ġdat"" ""Ġis"" ""Ġe"" ""cht"" ""Ġde"" ""Ġdo"" ""od"" ""."" ""V"" ""ri"" ""j"" ""d"" ""ag"" ""Ġz"" ""ijn"")"
gpt2-xl,ca,El discurs oficial que d’Alec Martín d’Arriba (IBA) en el Congreso d’Europà va ser un acte de resposta que va provocar desesperació sobre la possibilitat de seguir per asegurar que,"(""El"" ""Ġdisc"" ""urs"" ""Ġof"" ""icial"" ""Ġque"" ""Ġd"" ""âĢ"" ""Ļ"" ""Ale"" ""c"" ""ĠMart"" ""ÃŃn"" ""Ġd"" ""âĢ"" ""Ļ"" ""Ar"" ""rib"" ""a"" ""Ġ("" ""I"" ""BA"" "")"" ""Ġen"" ""Ġel"" ""ĠCong"" ""res"" ""o"" ""Ġd"" ""âĢ"" ""Ļ"" ""Euro"" ""p"" ""Ãł"" ""Ġva"" ""Ġser"" ""Ġun"" ""Ġact"" ""e"" ""Ġde"" ""Ġresp"" ""osta"" ""Ġque"" ""Ġva"" ""Ġprov"" ""oc"" ""ar"" ""Ġdes"" ""es"" ""per"" ""aci"" ""Ã³"" ""Ġso"" ""bre"" ""Ġla"" ""Ġposs"" ""ib"" ""ilit"" ""at"" ""Ġde"" ""Ġse"" ""gu"" ""ir"" ""Ġper"" ""Ġa"" ""se"" ""gur"" ""ar"" ""Ġque"")"
